"","ID","type","places"
"1","2014.c.1.1.1","tossup","Marbury"
"2","2014.c.1.1.2","tossup","c(""Allia"", ""St. Jerome"")"
"3","2014.c.1.1.3","tossup","US"
"4","2014.c.1.1.4","tossup","list()"
"5","2014.c.1.1.5","tossup","list()"
"6","2014.c.1.1.6","tossup","list()"
"7","2014.c.1.1.7","tossup","c(""Minolta"", ""Prince William Sound"")"
"8","2014.c.1.1.8","tossup","list()"
"9","2014.c.1.1.9","tossup","list()"
"10","2014.c.1.1.10","tossup","Russia"
"11","2014.c.1.2.1","tossup + bonus","list()"
"12","2014.c.1.2.2","tossup + bonus","c(""the Ottoman Empire's"", ""China"", ""Britain"", ""Canada"")"
"13","2014.c.1.2.3","tossup + bonus","China"
"14","2014.c.1.2.4","tossup + bonus","list()"
"15","2014.c.1.2.5","tossup + bonus","c(""Jackson County"", ""U.S."", ""Maine"", ""USA"", ""St. Louis"")"
"16","2014.c.1.2.6","tossup + bonus","c(""Spain"", ""Westphalia"", ""Wellington"")"
"17","2014.c.1.2.7","tossup + bonus","Edinburgh"
"18","2014.c.1.2.8","tossup + bonus","c(""Austria"", ""Nazi Germany"")"
"19","2014.c.1.3.lightning.1.1","lightning","list()"
"20","2014.c.1.3.lightning.1.2","lightning","Syracuse"
"21","2014.c.1.3.lightning.1.3","lightning","list()"
"22","2014.c.1.3.lightning.1.4","lightning","Athens"
"23","2014.c.1.3.lightning.1.5","lightning","Athens"
"24","2014.c.1.3.lightning.1.6","lightning","list()"
"25","2014.c.1.3.lightning.1.7","lightning","Lesbos"
"26","2014.c.1.3.lightning.1.8","lightning","list()"
"27","2014.c.1.3.lightning.2.1","lightning","list()"
"28","2014.c.1.3.lightning.2.2","lightning","Germany"
"29","2014.c.1.3.lightning.2.3","lightning","Turkey"
"30","2014.c.1.3.lightning.2.4","lightning","Moscow"
"31","2014.c.1.3.lightning.2.5","lightning","list()"
"32","2014.c.1.3.lightning.2.6","lightning","list()"
"33","2014.c.1.3.lightning.2.7","lightning","list()"
"34","2014.c.1.3.lightning.2.8","lightning","Serbia"
"35","2014.c.1.3.lightning.3.1","lightning","list()"
"36","2014.c.1.3.lightning.3.2","lightning","Chicago"
"37","2014.c.1.3.lightning.3.3","lightning","list()"
"38","2014.c.1.3.lightning.3.4","lightning","list()"
"39","2014.c.1.3.lightning.3.5","lightning","California"
"40","2014.c.1.3.lightning.3.6","lightning","list()"
"41","2014.c.1.3.lightning.3.7","lightning","list()"
"42","2014.c.1.3.lightning.3.8","lightning","Washington"
"43","2014.c.1.4.1","tossup","c(""Iraq"", ""Iran"", ""North Korea"", ""Germany"", ""Italy"", ""Japan"")"
"44","2014.c.1.4.2","tossup","list()"
"45","2014.c.1.4.3","tossup","list()"
"46","2014.c.1.4.4","tossup","China"
"47","2014.c.1.4.5","tossup","Germany"
"48","2014.c.1.4.6","tossup","list()"
"49","2014.c.1.4.7","tossup","c(""Toxophilus"", ""Agincourt"")"
"50","2014.c.1.4.8","tossup","list()"
"51","2014.c.1.extra.1","tossup + bonus","Buffalo"
"52","2014.c.2.1.1","tossup","c(""Bagram"", ""Vajryana"", ""Tibet"")"
"53","2014.c.2.1.2","tossup","Maryland"
"54","2014.c.2.1.3","tossup","c(""The Kingdom of God"", ""Russia"")"
"55","2014.c.2.1.4","tossup","list()"
"56","2014.c.2.1.5","tossup","France"
"57","2014.c.2.1.6","tossup","list()"
"58","2014.c.2.1.7","tossup","the United Kingdom"
"59","2014.c.2.1.8","tossup","list()"
"60","2014.c.2.1.9","tossup","list()"
"61","2014.c.2.1.10","tossup","Ireland"
"62","2014.c.2.2.1","tossup + bonus","list()"
"63","2014.c.2.2.2","tossup + bonus","list()"
"64","2014.c.2.2.3","tossup + bonus","Rome"
"65","2014.c.2.2.4","tossup + bonus","list()"
"66","2014.c.2.2.5","tossup + bonus","list()"
"67","2014.c.2.2.6","tossup + bonus","list()"
"68","2014.c.2.2.7","tossup + bonus","c(""Tara"", ""Dublin"")"
"69","2014.c.2.2.8","tossup + bonus","c(""France"", ""Khmer Kingdom"", ""Cambodia"")"
"70","2014.c.2.3.lightning.1.1","lightning","c(""Atlanta"", ""Savannah"")"
"71","2014.c.2.3.lightning.1.2","lightning","list()"
"72","2014.c.2.3.lightning.1.3","lightning","Northerners"
"73","2014.c.2.3.lightning.1.4","lightning","list()"
"74","2014.c.2.3.lightning.1.5","lightning","the United States"
"75","2014.c.2.3.lightning.1.6","lightning","list()"
"76","2014.c.2.3.lightning.1.7","lightning","list()"
"77","2014.c.2.3.lightning.1.8","lightning","list()"
"78","2014.c.2.3.lightning.2.1","lightning","list()"
"79","2014.c.2.3.lightning.2.2","lightning","list()"
"80","2014.c.2.3.lightning.2.3","lightning","England"
"81","2014.c.2.3.lightning.2.4","lightning","Spain"
"82","2014.c.2.3.lightning.2.5","lightning","list()"
"83","2014.c.2.3.lightning.2.6","lightning","list()"
"84","2014.c.2.3.lightning.2.7","lightning","list()"
"85","2014.c.2.3.lightning.2.8","lightning","list()"
"86","2014.c.2.3.lightning.3.1","lightning","list()"
"87","2014.c.2.3.lightning.3.2","lightning","list()"
"88","2014.c.2.3.lightning.3.3","lightning","list()"
"89","2014.c.2.3.lightning.3.4","lightning","list()"
"90","2014.c.2.3.lightning.3.5","lightning","list()"
"91","2014.c.2.3.lightning.3.6","lightning","list()"
"92","2014.c.2.3.lightning.3.7","lightning","Acapulco"
"93","2014.c.2.3.lightning.3.8","lightning","list()"
"94","2014.c.2.4.1","tossup","c(""Springfield"", ""Sunset Strip"", ""Ohio"")"
"95","2014.c.2.4.2","tossup","c(""U.S."", ""the United States"", ""U.S."", ""Canada"", ""U.S."")"
"96","2014.c.2.4.3","tossup","list()"
"97","2014.c.2.4.4","tossup","Springfield"
"98","2014.c.2.4.5","tossup","U.K."
"99","2014.c.2.4.6","tossup","Germany"
"100","2014.c.2.4.7","tossup","U.S."
"101","2014.c.2.4.8","tossup","c(""McGrain v. Daugherty"", ""the Black Hills"")"
"102","2014.c.2.extra.1","tossup + bonus","list()"
"103","2014.c.3.1.1","tossup","England"
"104","2014.c.3.1.2","tossup","list()"
"105","2014.c.3.1.3","tossup","list()"
"106","2014.c.3.1.4","tossup","c(""U.S."", ""Colombia"")"
"107","2014.c.3.1.5","tossup","list()"
"108","2014.c.3.1.6","tossup","c(""Williston"", ""Fargo"")"
"109","2014.c.3.1.7","tossup","Sudan"
"110","2014.c.3.1.8","tossup","c(""Lausanne"", ""Turkey"")"
"111","2014.c.3.1.9","tossup","Dred"
"112","2014.c.3.1.10","tossup","Cincinnati"
"113","2014.c.3.2.1","tossup + bonus","Emporia"
"114","2014.c.3.2.2","tossup + bonus","c(""Argun"", ""Ussuri"", ""Mongolia"", ""Kazakhstan"")"
"115","2014.c.3.2.3","tossup + bonus","Metallurg"
"116","2014.c.3.2.4","tossup + bonus","c(""Spinalonga"", ""Hawaii"")"
"117","2014.c.3.2.5","tossup + bonus","the Soviet Union"
"118","2014.c.3.2.6","tossup + bonus","c(""Xerxes"", ""Persia"")"
"119","2014.c.3.2.7","tossup + bonus","c(""Sirte"", ""Libya"")"
"120","2014.c.3.2.8","tossup + bonus","list()"
"121","2014.c.3.3.lightning.1.1","lightning","list()"
"122","2014.c.3.3.lightning.1.2","lightning","list()"
"123","2014.c.3.3.lightning.1.3","lightning","list()"
"124","2014.c.3.3.lightning.1.4","lightning","list()"
"125","2014.c.3.3.lightning.1.5","lightning","list()"
"126","2014.c.3.3.lightning.1.6","lightning","list()"
"127","2014.c.3.3.lightning.1.7","lightning","Sweden"
"128","2014.c.3.3.lightning.1.8","lightning","list()"
"129","2014.c.3.3.lightning.2.1","lightning","list()"
"130","2014.c.3.3.lightning.2.2","lightning","Northern Ireland"
"131","2014.c.3.3.lightning.2.3","lightning","list()"
"132","2014.c.3.3.lightning.2.4","lightning","list()"
"133","2014.c.3.3.lightning.2.5","lightning","list()"
"134","2014.c.3.3.lightning.2.6","lightning","list()"
"135","2014.c.3.3.lightning.2.7","lightning","list()"
"136","2014.c.3.3.lightning.2.8","lightning","Britain"
"137","2014.c.3.3.lightning.3.1","lightning","c(""U.S."", ""St. Petersburg"")"
"138","2014.c.3.3.lightning.3.2","lightning","list()"
"139","2014.c.3.3.lightning.3.3","lightning","list()"
"140","2014.c.3.3.lightning.3.4","lightning","Florida"
"141","2014.c.3.3.lightning.3.5","lightning","list()"
"142","2014.c.3.3.lightning.3.6","lightning","Washington DC"
"143","2014.c.3.3.lightning.3.7","lightning","list()"
"144","2014.c.3.3.lightning.3.8","lightning","list()"
"145","2014.c.3.4.1","tossup","c(""Paris"", ""France"")"
"146","2014.c.3.4.2","tossup","St. Louis"
"147","2014.c.3.4.3","tossup","list()"
"148","2014.c.3.4.4","tossup","list()"
"149","2014.c.3.4.5","tossup","c(""Austria"", ""Italy"")"
"150","2014.c.3.4.6","tossup","c(""Philadelphia"", ""U.S."")"
"151","2014.c.3.4.7","tossup","c(""Zenobia"", ""Egypt"")"
"152","2014.c.3.4.8","tossup","Paris"
"153","2014.c.3.extra.1","tossup + bonus","the Soviet Union"
"154","2014.c.4.1.1","tossup","list()"
"155","2014.c.4.1.2","tossup","Ohio"
"156","2014.c.4.1.3","tossup","Pennsylvania"
"157","2014.c.4.1.4","tossup","list()"
"158","2014.c.4.1.5","tossup","list()"
"159","2014.c.4.1.6","tossup","c(""Waco"", ""Oklahoma City"")"
"160","2014.c.4.1.7","tossup","list()"
"161","2014.c.4.1.8","tossup","list()"
"162","2014.c.4.1.9","tossup","list()"
"163","2014.c.4.1.10","tossup","list()"
"164","2014.c.4.2.1","tossup + bonus","list()"
"165","2014.c.4.2.2","tossup + bonus","King of Scotland"
"166","2014.c.4.2.3","tossup + bonus","U.S."
"167","2014.c.4.2.4","tossup + bonus","list()"
"168","2014.c.4.2.5","tossup + bonus","c(""Ghana"", ""Nigeria"", ""Rhodesia"", ""France"")"
"169","2014.c.4.2.6","tossup + bonus","list()"
"170","2014.c.4.2.7","tossup + bonus","c(""Lydia"", ""Greece"")"
"171","2014.c.4.2.8","tossup + bonus","Virginia"
"172","2014.c.4.3.lightning.1.1","lightning","Britain"
"173","2014.c.4.3.lightning.1.2","lightning","list()"
"174","2014.c.4.3.lightning.1.3","lightning","St. Paul"
"175","2014.c.4.3.lightning.1.4","lightning","list()"
"176","2014.c.4.3.lightning.1.5","lightning","list()"
"177","2014.c.4.3.lightning.1.6","lightning","list()"
"178","2014.c.4.3.lightning.1.7","lightning","list()"
"179","2014.c.4.3.lightning.1.8","lightning","list()"
"180","2014.c.4.3.lightning.2.1","lightning","Jerusalem"
"181","2014.c.4.3.lightning.2.2","lightning","list()"
"182","2014.c.4.3.lightning.2.3","lightning","England"
"183","2014.c.4.3.lightning.2.4","lightning","list()"
"184","2014.c.4.3.lightning.2.5","lightning","list()"
"185","2014.c.4.3.lightning.2.6","lightning","list()"
"186","2014.c.4.3.lightning.2.7","lightning","list()"
"187","2014.c.4.3.lightning.2.8","lightning","list()"
"188","2014.c.4.3.lightning.3.1","lightning","Nirvana"
"189","2014.c.4.3.lightning.3.2","lightning","Hindi"
"190","2014.c.4.3.lightning.3.3","lightning","India"
"191","2014.c.4.3.lightning.3.4","lightning","list()"
"192","2014.c.4.3.lightning.3.5","lightning","India"
"193","2014.c.4.3.lightning.3.6","lightning","list()"
"194","2014.c.4.3.lightning.3.7","lightning","Ayodha"
"195","2014.c.4.3.lightning.3.8","lightning","list()"
"196","2014.c.4.4.1","tossup","Poland"
"197","2014.c.4.4.2","tossup","Manzanar"
"198","2014.c.4.4.3","tossup","Mecca"
"199","2014.c.4.4.4","tossup","list()"
"200","2014.c.4.4.5","tossup","the United States"
"201","2014.c.4.4.6","tossup","U.S."
"202","2014.c.4.4.7","tossup","New York"
"203","2014.c.4.4.8","tossup","c(""the Caprivi Strip"", ""Namibia"", ""Tanzania"")"
"204","2014.c.4.extra.1","tossup + bonus","c(""Hudaybiyyah"", ""Quran"")"
"205","2014.c.5.1.1","tossup","South Carolina"
"206","2014.c.5.1.2","tossup","Paris"
"207","2014.c.5.1.3","tossup","list()"
"208","2014.c.5.1.4","tossup","list()"
"209","2014.c.5.1.5","tossup","c(""Dayton"", ""Tennessee"")"
"210","2014.c.5.1.6","tossup","list()"
"211","2014.c.5.1.7","tossup","list()"
"212","2014.c.5.1.8","tossup","The City of God"
"213","2014.c.5.1.9","tossup","c(""Cuba"", ""Tenochtitlan"", ""Mexico"", ""Spain"")"
"214","2014.c.5.1.10","tossup","list()"
"215","2014.c.5.2.1","tossup + bonus","list()"
"216","2014.c.5.2.2","tossup + bonus","c(""Pataliputra"", ""New Delhi"")"
"217","2014.c.5.2.3","tossup + bonus","c(""Veracruz"", ""Santa Anna"")"
"218","2014.c.5.2.4","tossup + bonus","list()"
"219","2014.c.5.2.5","tossup + bonus","c(""West Virginia"", ""Wisconsin"")"
"220","2014.c.5.2.6","tossup + bonus","list()"
"221","2014.c.5.2.7","tossup + bonus","list()"
"222","2014.c.5.2.8","tossup + bonus","Japan"
"223","2014.c.5.3.lightning.1.1","lightning","list()"
"224","2014.c.5.3.lightning.1.2","lightning","list()"
"225","2014.c.5.3.lightning.1.3","lightning","London"
"226","2014.c.5.3.lightning.1.4","lightning","list()"
"227","2014.c.5.3.lightning.1.5","lightning","list()"
"228","2014.c.5.3.lightning.1.6","lightning","list()"
"229","2014.c.5.3.lightning.1.7","lightning","list()"
"230","2014.c.5.3.lightning.1.8","lightning","list()"
"231","2014.c.5.3.lightning.2.1","lightning","list()"
"232","2014.c.5.3.lightning.2.2","lightning","list()"
"233","2014.c.5.3.lightning.2.3","lightning","list()"
"234","2014.c.5.3.lightning.2.4","lightning","list()"
"235","2014.c.5.3.lightning.2.5","lightning","list()"
"236","2014.c.5.3.lightning.2.6","lightning","list()"
"237","2014.c.5.3.lightning.2.7","lightning","list()"
"238","2014.c.5.3.lightning.2.8","lightning","Puritan"
"239","2014.c.5.3.lightning.3.1","lightning","list()"
"240","2014.c.5.3.lightning.3.2","lightning","England"
"241","2014.c.5.3.lightning.3.3","lightning","list()"
"242","2014.c.5.3.lightning.3.4","lightning","list()"
"243","2014.c.5.3.lightning.3.5","lightning","list()"
"244","2014.c.5.3.lightning.3.6","lightning","list()"
"245","2014.c.5.3.lightning.3.7","lightning","list()"
"246","2014.c.5.3.lightning.3.8","lightning","list()"
"247","2014.c.5.4.1","tossup","U.S."
"248","2014.c.5.4.2","tossup","list()"
"249","2014.c.5.4.3","tossup","Louisiana"
"250","2014.c.5.4.4","tossup","c(""Rome"", ""Attila"")"
"251","2014.c.5.4.5","tossup","America"
"252","2014.c.5.4.6","tossup","list()"
"253","2014.c.5.4.7","tossup","c(""USSR"", ""the United States"")"
"254","2014.c.5.4.8","tossup","c(""Cuba"", ""U.S."", ""Puerto Rico"")"
"255","2014.c.5.extra.1","tossup + bonus","list()"
"256","2015.a.1.1.1","tossup","Maryland"
"257","2015.a.1.1.2","tossup","Philadelphia"
"258","2015.a.1.1.3","tossup","list()"
"259","2015.a.1.1.4","tossup","list()"
"260","2015.a.1.1.5","tossup","c(""Uranus"", ""Konigsberg"")"
"261","2015.a.1.1.6","tossup","Cleopatra"
"262","2015.a.1.1.7","tossup","list()"
"263","2015.a.1.1.8","tossup","c(""Hurrem Sultan"", ""Hungary"", ""Baghdad"", ""the Ottoman Empire"")"
"264","2015.a.1.1.9","tossup","c(""Manila"", ""India"", ""Liverpool"")"
"265","2015.a.1.1.10","tossup","c(""the United States"", ""Lawrence County"")"
"266","2015.a.1.2.1","tossup + bonus","c(""Fort Stanwix"", ""New York"")"
"267","2015.a.1.2.2","tossup + bonus","list()"
"268","2015.a.1.2.3","tossup + bonus","list()"
"269","2015.a.1.2.4","tossup + bonus","list()"
"270","2015.a.1.2.5","tossup + bonus","Casablanca"
"271","2015.a.1.2.6","tossup + bonus","list()"
"272","2015.a.1.2.7","tossup + bonus","Minnesota"
"273","2015.a.1.2.8","tossup + bonus","list()"
"274","2015.a.1.3.lightning.1.1","lightning","list()"
"275","2015.a.1.3.lightning.1.2","lightning","list()"
"276","2015.a.1.3.lightning.1.3","lightning","Consul"
"277","2015.a.1.3.lightning.1.4","lightning","list()"
"278","2015.a.1.3.lightning.1.5","lightning","list()"
"279","2015.a.1.3.lightning.1.6","lightning","list()"
"280","2015.a.1.3.lightning.1.7","lightning","list()"
"281","2015.a.1.3.lightning.1.8","lightning","Empire"
"282","2015.a.1.3.lightning.2.1","lightning","list()"
"283","2015.a.1.3.lightning.2.2","lightning","list()"
"284","2015.a.1.3.lightning.2.3","lightning","list()"
"285","2015.a.1.3.lightning.2.4","lightning","list()"
"286","2015.a.1.3.lightning.2.5","lightning","list()"
"287","2015.a.1.3.lightning.2.6","lightning","list()"
"288","2015.a.1.3.lightning.2.7","lightning","list()"
"289","2015.a.1.3.lightning.2.8","lightning","list()"
"290","2015.a.1.3.lightning.3.1","lightning","Japan"
"291","2015.a.1.3.lightning.3.2","lightning","list()"
"292","2015.a.1.3.lightning.3.3","lightning","list()"
"293","2015.a.1.3.lightning.3.4","lightning","Japan"
"294","2015.a.1.3.lightning.3.5","lightning","Japan"
"295","2015.a.1.3.lightning.3.6","lightning","c(""Japan"", ""Russia"")"
"296","2015.a.1.3.lightning.3.7","lightning","c(""Liaodong"", ""Japan"")"
"297","2015.a.1.3.lightning.3.8","lightning","New Hampshire"
"298","2015.a.1.4.1","tossup","c(""Chippenham"", ""Edington"")"
"299","2015.a.1.4.2","tossup","Washington"
"300","2015.a.1.4.3","tossup","list()"
"301","2015.a.1.4.4","tossup","c(""New Jersey"", ""Tennessee"", ""America"")"
"302","2015.a.1.4.5","tossup","c(""Taku"", ""the H. M. S. Arrow"", ""China"", ""Britain"")"
"303","2015.a.1.4.6","tossup","list()"
"304","2015.a.1.4.7","tossup","list()"
"305","2015.a.1.4.8","tossup","c(""Cuchulain"", ""Dublin"")"
"306","2015.a.2.1.1","tossup","c(""Russia"", ""Britain"", ""Britain"")"
"307","2015.a.2.1.2","tossup","New Orleans"
"308","2015.a.2.1.3","tossup","c(""Crito"", ""Republic"")"
"309","2015.a.2.1.4","tossup","c(""Charlotte"", ""France"")"
"310","2015.a.2.1.5","tossup","list()"
"311","2015.a.2.1.6","tossup","c(""Hejaz"", ""Islam"", ""Mecca"")"
"312","2015.a.2.1.7","tossup","list()"
"313","2015.a.2.1.8","tossup","c(""Jerusalem"", ""Berlin"")"
"314","2015.a.2.1.9","tossup","Talbot County"
"315","2015.a.2.1.10","tossup","c(""Saint Sylvia"", ""Ecumenical  Patriarch"", ""Britain"")"
"316","2015.a.2.2.1","tossup + bonus","list()"
"317","2015.a.2.2.2","tossup + bonus","c(""Israel"", ""DC"", ""Washington"", ""Colorado"")"
"318","2015.a.2.2.3","tossup + bonus","list()"
"319","2015.a.2.2.4","tossup + bonus","Massachusetts"
"320","2015.a.2.2.5","tossup + bonus","Grass"
"321","2015.a.2.2.6","tossup + bonus","c(""Tassilo"", ""Bavaria"", ""Pannonia"")"
"322","2015.a.2.2.7","tossup + bonus","list()"
"323","2015.a.2.2.8","tossup + bonus","c(""Canada"", ""Paris"")"
"324","2015.a.2.3.lightning.1.1","lightning","Cuba"
"325","2015.a.2.3.lightning.1.2","lightning","Cuba"
"326","2015.a.2.3.lightning.1.3","lightning","Cuba"
"327","2015.a.2.3.lightning.1.4","lightning","list()"
"328","2015.a.2.3.lightning.1.5","lightning","c(""U.S."", ""Cuba"")"
"329","2015.a.2.3.lightning.1.6","lightning","list()"
"330","2015.a.2.3.lightning.1.7","lightning","list()"
"331","2015.a.2.3.lightning.1.8","lightning","c(""U.S."", ""Cuba"")"
"332","2015.a.2.3.lightning.2.1","lightning","Massachusetts"
"333","2015.a.2.3.lightning.2.2","lightning","list()"
"334","2015.a.2.3.lightning.2.3","lightning","Yorktown"
"335","2015.a.2.3.lightning.2.4","lightning","West Point"
"336","2015.a.2.3.lightning.2.5","lightning","Camden"
"337","2015.a.2.3.lightning.2.6","lightning","list()"
"338","2015.a.2.3.lightning.2.7","lightning","Rhode Island"
"339","2015.a.2.3.lightning.2.8","lightning","South Carolina"
"340","2015.a.2.3.lightning.3.1","lightning","list()"
"341","2015.a.2.3.lightning.3.2","lightning","list()"
"342","2015.a.2.3.lightning.3.3","lightning","list()"
"343","2015.a.2.3.lightning.3.4","lightning","list()"
"344","2015.a.2.3.lightning.3.5","lightning","Peru"
"345","2015.a.2.3.lightning.3.6","lightning","Rhodesia"
"346","2015.a.2.3.lightning.3.7","lightning","Jordan"
"347","2015.a.2.3.lightning.3.8","lightning","St. Louis"
"348","2015.a.2.4.1","tossup","Lachrimae"
"349","2015.a.2.4.2","tossup","list()"
"350","2015.a.2.4.3","tossup","London"
"351","2015.a.2.4.4","tossup","U.S."
"352","2015.a.2.4.5","tossup","c(""Iran"", ""Guatemala"")"
"353","2015.a.2.4.6","tossup","Psycho"
"354","2015.a.2.4.7","tossup","list()"
"355","2015.a.2.4.8","tossup","c(""Whites"", ""Rome"")"
"356","2015.a.3.1.1","tossup","Chicago"
"357","2015.a.3.1.2","tossup","list()"
"358","2015.a.3.1.3","tossup","Manhattan"
"359","2015.a.3.1.4","tossup","list()"
"360","2015.a.3.1.5","tossup","list()"
"361","2015.a.3.1.6","tossup","US"
"362","2015.a.3.1.7","tossup","list()"
"363","2015.a.3.1.8","tossup","list()"
"364","2015.a.3.1.9","tossup","list()"
"365","2015.a.3.1.10","tossup","list()"
"366","2015.a.3.2.1","tossup + bonus","list()"
"367","2015.a.3.2.2","tossup + bonus","Great Britain"
"368","2015.a.3.2.3","tossup + bonus","England"
"369","2015.a.3.2.4","tossup + bonus","c(""Bilbao"", ""Spain"")"
"370","2015.a.3.2.5","tossup + bonus","list()"
"371","2015.a.3.2.6","tossup + bonus","Arkansas"
"372","2015.a.3.2.7","tossup + bonus","list()"
"373","2015.a.3.2.8","tossup + bonus","Netherlands"
"374","2015.a.3.3.lightning.1.1","lightning","Jerusalem"
"375","2015.a.3.3.lightning.1.2","lightning","list()"
"376","2015.a.3.3.lightning.1.3","lightning","Jerusalem"
"377","2015.a.3.3.lightning.1.4","lightning","Malta"
"378","2015.a.3.3.lightning.1.5","lightning","list()"
"379","2015.a.3.3.lightning.1.6","lightning","the Kingdom of Jerusalem"
"380","2015.a.3.3.lightning.1.7","lightning","list()"
"381","2015.a.3.3.lightning.1.8","lightning","list()"
"382","2015.a.3.3.lightning.2.1","lightning","the United States"
"383","2015.a.3.3.lightning.2.2","lightning","US"
"384","2015.a.3.3.lightning.2.3","lightning","the Soviet Union"
"385","2015.a.3.3.lightning.2.4","lightning","c(""France"", ""Britain"")"
"386","2015.a.3.3.lightning.2.5","lightning","list()"
"387","2015.a.3.3.lightning.2.6","lightning","list()"
"388","2015.a.3.3.lightning.2.7","lightning","list()"
"389","2015.a.3.3.lightning.2.8","lightning","Massachusetts"
"390","2015.a.3.3.lightning.3.1","lightning","France"
"391","2015.a.3.3.lightning.3.2","lightning","list()"
"392","2015.a.3.3.lightning.3.3","lightning","Nebraska"
"393","2015.a.3.3.lightning.3.4","lightning","list()"
"394","2015.a.3.3.lightning.3.5","lightning","list()"
"395","2015.a.3.3.lightning.3.6","lightning","list()"
"396","2015.a.3.3.lightning.3.7","lightning","list()"
"397","2015.a.3.3.lightning.3.8","lightning","list()"
"398","2015.a.3.4.1","tossup","c(""Egypt"", ""India"")"
"399","2015.a.3.4.2","tossup","Brazil"
"400","2015.a.3.4.3","tossup","c(""North Carolina’s"", ""Omaha"")"
"401","2015.a.3.4.4","tossup","c(""Tashkent"", ""Jawaharlal"")"
"402","2015.a.3.4.5","tossup","c(""Wellington"", ""Portugal"")"
"403","2015.a.3.4.6","tossup","list()"
"404","2015.a.3.4.7","tossup","c(""Paris"", ""Lightborn"", ""Machiavelli"")"
"405","2015.a.3.4.8","tossup","c(""Antwerp"", ""Hamburg"")"
"406","2015.a.4.1.1","tossup","c(""Zurich"", ""Munster"")"
"407","2015.a.4.1.2","tossup","c(""Moravia"", ""Chapelle"", ""Habsburg"")"
"408","2015.a.4.1.3","tossup","Charlemagne"
"409","2015.a.4.1.4","tossup","New York City"
"410","2015.a.4.1.5","tossup","list()"
"411","2015.a.4.1.6","tossup","India"
"412","2015.a.4.1.7","tossup","c(""Southampton County"", ""Virginia"")"
"413","2015.a.4.1.8","tossup","Kentucky"
"414","2015.a.4.1.9","tossup","c(""U.S."", ""Virginia"")"
"415","2015.a.4.1.10","tossup","list()"
"416","2015.a.4.2.1","tossup + bonus","c(""West Germany"", ""the United States"", ""London"")"
"417","2015.a.4.2.2","tossup + bonus","list()"
"418","2015.a.4.2.3","tossup + bonus","Athens"
"419","2015.a.4.2.4","tossup + bonus","New York City"
"420","2015.a.4.2.5","tossup + bonus","list()"
"421","2015.a.4.2.6","tossup + bonus","c(""Utica"", ""Rome"")"
"422","2015.a.4.2.7","tossup + bonus","c(""Covadonga"", ""El Cid"", ""Ferdinand"", ""Spain"")"
"423","2015.a.4.2.8","tossup + bonus","list()"
"424","2015.a.4.3.lightning.1.1","lightning","France"
"425","2015.a.4.3.lightning.1.2","lightning","list()"
"426","2015.a.4.3.lightning.1.3","lightning","c(""Spain"", ""Austria"")"
"427","2015.a.4.3.lightning.1.4","lightning","Spain"
"428","2015.a.4.3.lightning.1.5","lightning","list()"
"429","2015.a.4.3.lightning.1.6","lightning","list()"
"430","2015.a.4.3.lightning.1.7","lightning","Oxfordshire"
"431","2015.a.4.3.lightning.1.8","lightning","list()"
"432","2015.a.4.3.lightning.2.1","lightning","India"
"433","2015.a.4.3.lightning.2.2","lightning","list()"
"434","2015.a.4.3.lightning.2.3","lightning","list()"
"435","2015.a.4.3.lightning.2.4","lightning","list()"
"436","2015.a.4.3.lightning.2.5","lightning","list()"
"437","2015.a.4.3.lightning.2.6","lightning","list()"
"438","2015.a.4.3.lightning.2.7","lightning","list()"
"439","2015.a.4.3.lightning.2.8","lightning","list()"
"440","2015.a.4.3.lightning.3.1","lightning","list()"
"441","2015.a.4.3.lightning.3.2","lightning","list()"
"442","2015.a.4.3.lightning.3.3","lightning","Athens"
"443","2015.a.4.3.lightning.3.4","lightning","Athens"
"444","2015.a.4.3.lightning.3.5","lightning","list()"
"445","2015.a.4.3.lightning.3.6","lightning","c(""Sparta"", ""Athens"")"
"446","2015.a.4.3.lightning.3.7","lightning","c(""Sparta"", ""Aegospotami"")"
"447","2015.a.4.3.lightning.3.8","lightning","c(""Athens"", ""Sparta"")"
"448","2015.a.4.4.1","tossup","the Byzantine Empire"
"449","2015.a.4.4.2","tossup","c(""The United Kingdom"", ""Special Administrative Region"", ""China"")"
"450","2015.a.4.4.3","tossup","Nicaragua"
"451","2015.a.4.4.4","tossup","c(""El Desdichado"", ""Wilfrid"", ""England"")"
"452","2015.a.4.4.5","tossup","list()"
"453","2015.a.4.4.6","tossup","Panama"
"454","2015.a.4.4.7","tossup","c(""Varna"", ""Vienna"", ""Magyar"", ""Austria"")"
"455","2015.a.4.4.8","tossup","Greenville"
"456","2015.a.5.1.1","tossup","Josephus"
"457","2015.a.5.1.2","tossup","c(""Alesia"", ""France"")"
"458","2015.a.5.1.3","tossup","list()"
"459","2015.a.5.1.4","tossup","list()"
"460","2015.a.5.1.5","tossup","c(""Turkey"", ""the United States"")"
"461","2015.a.5.1.6","tossup","list()"
"462","2015.a.5.1.7","tossup","Cuba"
"463","2015.a.5.1.8","tossup","Southwark"
"464","2015.a.5.1.9","tossup","c(""America"", ""Mexico"", ""Florida"")"
"465","2015.a.5.1.10","tossup","Spain"
"466","2015.a.5.2.1","tossup + bonus","list()"
"467","2015.a.5.2.2","tossup + bonus","Belgium"
"468","2015.a.5.2.3","tossup + bonus","c(""Lydia"", ""the Roman Empire"")"
"469","2015.a.5.2.4","tossup + bonus","list()"
"470","2015.a.5.2.5","tossup + bonus","c(""Israel"", ""Buenos Aires"")"
"471","2015.a.5.2.6","tossup + bonus","c(""Carson City"", ""Missouri"", ""California"")"
"472","2015.a.5.2.7","tossup + bonus","Kuwait"
"473","2015.a.5.2.8","tossup + bonus","c(""Portsmouth"", ""Puritan"")"
"474","2015.a.5.3.lightning.1.1","lightning","list()"
"475","2015.a.5.3.lightning.1.2","lightning","list()"
"476","2015.a.5.3.lightning.1.3","lightning","Washington"
"477","2015.a.5.3.lightning.1.4","lightning","list()"
"478","2015.a.5.3.lightning.1.5","lightning","list()"
"479","2015.a.5.3.lightning.1.6","lightning","list()"
"480","2015.a.5.3.lightning.1.7","lightning","list()"
"481","2015.a.5.3.lightning.1.8","lightning","France"
"482","2015.a.5.3.lightning.2.1","lightning","list()"
"483","2015.a.5.3.lightning.2.2","lightning","list()"
"484","2015.a.5.3.lightning.2.3","lightning","c(""Jackson"", ""Kentucky"")"
"485","2015.a.5.3.lightning.2.4","lightning","list()"
"486","2015.a.5.3.lightning.2.5","lightning","list()"
"487","2015.a.5.3.lightning.2.6","lightning","America"
"488","2015.a.5.3.lightning.2.7","lightning","list()"
"489","2015.a.5.3.lightning.2.8","lightning","Kentucky"
"490","2015.a.5.3.lightning.3.1","lightning","Israel"
"491","2015.a.5.3.lightning.3.2","lightning","list()"
"492","2015.a.5.3.lightning.3.3","lightning","Israel"
"493","2015.a.5.3.lightning.3.4","lightning","Israel"
"494","2015.a.5.3.lightning.3.5","lightning","list()"
"495","2015.a.5.3.lightning.3.6","lightning","list()"
"496","2015.a.5.3.lightning.3.7","lightning","list()"
"497","2015.a.5.3.lightning.3.8","lightning","list()"
"498","2015.a.5.4.1","tossup","c(""Spouses"", ""Tyrrhenus"", ""Rome"")"
"499","2015.a.5.4.2","tossup","Hawkeye"
"500","2015.a.5.4.3","tossup","c(""Port Harcourt"", ""Mali Empire"")"
"501","2015.a.5.4.4","tossup","San Lorenzo"
"502","2015.a.5.4.5","tossup","c(""Chenango County"", ""Missouri"", ""Illinois"", ""Carthage"", ""Illinois"")"
"503","2015.a.5.4.6","tossup","Alaska"
"504","2015.a.5.4.7","tossup","c(""Washington Heights"", ""Cleveland"")"
"505","2015.a.5.4.8","tossup","London"
"506","2015.nationals.1.1.1","tossup","Midlothian"
"507","2015.nationals.1.1.2","tossup","Gaul"
"508","2015.nationals.1.1.3","tossup","c(""UK"", ""the United States"")"
"509","2015.nationals.1.1.4","tossup","c(""Pachacuti"", ""quipu"", ""South American Empire"", ""Cusco"")"
"510","2015.nationals.1.1.5","tossup","list()"
"511","2015.nationals.1.1.6","tossup","list()"
"512","2015.nationals.1.1.7","tossup","c(""Barfleur"", ""England"")"
"513","2015.nationals.1.1.8","tossup","Manhattan"
"514","2015.nationals.1.2.1","tossup + bonus","c(""Morristown"", ""Pennsylvania"", ""Washington"")"
"515","2015.nationals.1.2.2","tossup + bonus","c(""New York"", ""New York"")"
"516","2015.nationals.1.2.3","tossup + bonus","c(""St. Patrick's Day"", ""Braintree"", ""U.S."")"
"517","2015.nationals.1.2.4","tossup + bonus","c(""Edessa"", ""France"", ""Damascus"")"
"518","2015.nationals.1.2.5","tossup + bonus","list()"
"519","2015.nationals.1.2.6","tossup + bonus","list()"
"520","2015.nationals.1.2.7","tossup + bonus","c(""Baguio"", ""Palawan"", ""Mindanao"", ""US"", ""Philippines"")"
"521","2015.nationals.1.2.8","tossup + bonus","Kensington"
"522","2015.nationals.1.3.lightning.1.1","lightning","list()"
"523","2015.nationals.1.3.lightning.1.2","lightning","list()"
"524","2015.nationals.1.3.lightning.1.3","lightning","list()"
"525","2015.nationals.1.3.lightning.1.4","lightning","list()"
"526","2015.nationals.1.3.lightning.1.5","lightning","list()"
"527","2015.nationals.1.3.lightning.1.6","lightning","list()"
"528","2015.nationals.1.3.lightning.1.7","lightning","list()"
"529","2015.nationals.1.3.lightning.1.8","lightning","list()"
"530","2015.nationals.1.3.lightning.2.1","lightning","Empire"
"531","2015.nationals.1.3.lightning.2.2","lightning","list()"
"532","2015.nationals.1.3.lightning.2.3","lightning","list()"
"533","2015.nationals.1.3.lightning.2.4","lightning","list()"
"534","2015.nationals.1.3.lightning.2.5","lightning","list()"
"535","2015.nationals.1.3.lightning.2.6","lightning","list()"
"536","2015.nationals.1.3.lightning.2.7","lightning","list()"
"537","2015.nationals.1.3.lightning.2.8","lightning","list()"
"538","2015.nationals.1.3.lightning.3.1","lightning","Australia"
"539","2015.nationals.1.3.lightning.3.2","lightning","list()"
"540","2015.nationals.1.3.lightning.3.3","lightning","list()"
"541","2015.nationals.1.3.lightning.3.4","lightning","list()"
"542","2015.nationals.1.3.lightning.3.5","lightning","list()"
"543","2015.nationals.1.3.lightning.3.6","lightning","list()"
"544","2015.nationals.1.3.lightning.3.7","lightning","list()"
"545","2015.nationals.1.3.lightning.3.8","lightning","list()"
"546","2015.nationals.1.4.1","tossup","California"
"547","2015.nationals.1.4.2","tossup","c(""Biafra"", ""Tristan"", ""Kalevala"", ""Tuonela"")"
"548","2015.nationals.1.4.3","tossup","Philadelphia"
"549","2015.nationals.1.4.4","tossup","Russia"
"550","2015.nationals.1.4.5","tossup","c(""Pleroma"", ""Sophia"")"
"551","2015.nationals.1.4.6","tossup","list()"
"552","2015.nationals.1.4.7","tossup","c(""Hanley"", ""Portland"")"
"553","2015.nationals.1.4.8","tossup","c(""Brighton"", ""a united Ireland"")"
"554","2015.nationals.2.1.1","tossup","c(""Trenton"", ""Delaware"", ""Virginian"", ""the United States'"")"
"555","2015.nationals.2.1.2","tossup","East Germany"
"556","2015.nationals.2.1.3","tossup","c(""Liverpool"", ""London"")"
"557","2015.nationals.2.1.4","tossup","list()"
"558","2015.nationals.2.1.5","tossup","list()"
"559","2015.nationals.2.1.6","tossup","Illinois"
"560","2015.nationals.2.1.7","tossup","Great Britain"
"561","2015.nationals.2.1.8","tossup","c(""Truth"", ""Washington D.C."")"
"562","2015.nationals.2.2.1","tossup + bonus","Pennsylvania"
"563","2015.nationals.2.2.2","tossup + bonus","list()"
"564","2015.nationals.2.2.3","tossup + bonus","c(""Saxony"", ""Bavaria"", ""the United Kingdom"", ""Venice"", ""England"")"
"565","2015.nationals.2.2.4","tossup + bonus","c(""Romulus"", ""Naxos"", ""Athens"")"
"566","2015.nationals.2.2.5","tossup + bonus","list()"
"567","2015.nationals.2.2.6","tossup + bonus","Japan"
"568","2015.nationals.2.2.7","tossup + bonus","c(""Athens"", ""Persia"", ""Athens"")"
"569","2015.nationals.2.2.8","tossup + bonus","c(""US"", ""California"")"
"570","2015.nationals.2.3.lightning.1.1","lightning","list()"
"571","2015.nationals.2.3.lightning.1.2","lightning","list()"
"572","2015.nationals.2.3.lightning.1.3","lightning","list()"
"573","2015.nationals.2.3.lightning.1.4","lightning","Marbury"
"574","2015.nationals.2.3.lightning.1.5","lightning","United States"
"575","2015.nationals.2.3.lightning.1.6","lightning","list()"
"576","2015.nationals.2.3.lightning.1.7","lightning","Ohio"
"577","2015.nationals.2.3.lightning.1.8","lightning","list()"
"578","2015.nationals.2.3.lightning.2.1","lightning","China"
"579","2015.nationals.2.3.lightning.2.2","lightning","list()"
"580","2015.nationals.2.3.lightning.2.3","lightning","China"
"581","2015.nationals.2.3.lightning.2.4","lightning","Korea"
"582","2015.nationals.2.3.lightning.2.5","lightning","list()"
"583","2015.nationals.2.3.lightning.2.6","lightning","list()"
"584","2015.nationals.2.3.lightning.2.7","lightning","the Boxer Rebellion"
"585","2015.nationals.2.3.lightning.2.8","lightning","list()"
"586","2015.nationals.2.3.lightning.3.1","lightning","Chernobyl"
"587","2015.nationals.2.3.lightning.3.2","lightning","c(""Russia"", ""South Ossetia"")"
"588","2015.nationals.2.3.lightning.3.3","lightning","USSR"
"589","2015.nationals.2.3.lightning.3.4","lightning","Stalingrad"
"590","2015.nationals.2.3.lightning.3.5","lightning","list()"
"591","2015.nationals.2.3.lightning.3.6","lightning","list()"
"592","2015.nationals.2.3.lightning.3.7","lightning","Romania"
"593","2015.nationals.2.3.lightning.3.8","lightning","list()"
"594","2015.nationals.2.4.1","tossup","c(""Salisbury"", ""Essex County"", ""Virginian"", ""France"", ""Massachusetts"", ""Massachusetts"")"
"595","2015.nationals.2.4.2","tossup","c(""Jaffa"", ""Israel"")"
"596","2015.nationals.2.4.3","tossup","c(""Rome"", ""Wessex"")"
"597","2015.nationals.2.4.4","tossup","Las Meninas"
"598","2015.nationals.2.4.5","tossup","list()"
"599","2015.nationals.2.4.6","tossup","list()"
"600","2015.nationals.2.4.7","tossup","c(""Damascus"", ""Bayezid"", ""Ankara"", ""Tokhtamysh"", ""Samarkand"")"
"601","2015.nationals.2.4.8","tossup","Brazil"
"602","2015.nationals.2.extra.1","tossup","c(""France"", ""Portugal"")"
"603","2015.nationals.3.1.1","tossup","list()"
"604","2015.nationals.3.1.2","tossup","list()"
"605","2015.nationals.3.1.3","tossup","Fort McHenry"
"606","2015.nationals.3.1.4","tossup","Edinburgh"
"607","2015.nationals.3.1.5","tossup","Indiana"
"608","2015.nationals.3.1.6","tossup","c(""Baghdad"", ""Hungary"")"
"609","2015.nationals.3.1.7","tossup","list()"
"610","2015.nationals.3.1.8","tossup","c(""Maryam"", ""Nasrid"", ""’s Alhambra"", ""Spain"")"
"611","2015.nationals.3.2.1","tossup + bonus","the “Island of Thieves"
"612","2015.nationals.3.2.2","tossup + bonus","Massachusetts"
"613","2015.nationals.3.2.3","tossup + bonus","list()"
"614","2015.nationals.3.2.4","tossup + bonus","c(""Tangentopoli"", ""Nicomedia"")"
"615","2015.nationals.3.2.5","tossup + bonus","c(""McKinley"", ""Havana Harbor"")"
"616","2015.nationals.3.2.6","tossup + bonus","the Persian Empire"
"617","2015.nationals.3.2.7","tossup + bonus","list()"
"618","2015.nationals.3.2.8","tossup + bonus","c(""the United States"", ""Kuwait"")"
"619","2015.nationals.3.3.lightning.1.1","lightning","US"
"620","2015.nationals.3.3.lightning.1.2","lightning","list()"
"621","2015.nationals.3.3.lightning.1.3","lightning","list()"
"622","2015.nationals.3.3.lightning.1.4","lightning","list()"
"623","2015.nationals.3.3.lightning.1.5","lightning","U.S."
"624","2015.nationals.3.3.lightning.1.6","lightning","list()"
"625","2015.nationals.3.3.lightning.1.7","lightning","list()"
"626","2015.nationals.3.3.lightning.1.8","lightning","list()"
"627","2015.nationals.3.3.lightning.2.1","lightning","list()"
"628","2015.nationals.3.3.lightning.2.2","lightning","Menlo Park"
"629","2015.nationals.3.3.lightning.2.3","lightning","Belgrade"
"630","2015.nationals.3.3.lightning.2.4","lightning","list()"
"631","2015.nationals.3.3.lightning.2.5","lightning","list()"
"632","2015.nationals.3.3.lightning.2.6","lightning","list()"
"633","2015.nationals.3.3.lightning.2.7","lightning","list()"
"634","2015.nationals.3.3.lightning.2.8","lightning","list()"
"635","2015.nationals.3.3.lightning.3.1","lightning","list()"
"636","2015.nationals.3.3.lightning.3.2","lightning","list()"
"637","2015.nationals.3.3.lightning.3.3","lightning","Arsuf"
"638","2015.nationals.3.3.lightning.3.4","lightning","Jerusalem"
"639","2015.nationals.3.3.lightning.3.5","lightning","list()"
"640","2015.nationals.3.3.lightning.3.6","lightning","list()"
"641","2015.nationals.3.3.lightning.3.7","lightning","Jerusalem"
"642","2015.nationals.3.3.lightning.3.8","lightning","list()"
"643","2015.nationals.3.4.1","tossup","c(""Michigan"", ""Los Angeles"")"
"644","2015.nationals.3.4.2","tossup","list()"
"645","2015.nationals.3.4.3","tossup","list()"
"646","2015.nationals.3.4.4","tossup","Rano  Raraku"
"647","2015.nationals.3.4.5","tossup","c(""Paris"", ""Cambodia"")"
"648","2015.nationals.3.4.6","tossup","Sarajevo"
"649","2015.nationals.3.4.7","tossup","c(""gematria"", ""Hollywood"")"
"650","2015.nationals.3.4.8","tossup","list()"
"651","2015.nationals.3.extra.1","tossup","list()"
"652","2015.nationals.4.1.1","tossup","Kinsale"
"653","2015.nationals.4.1.2","tossup","c(""Stolbovo"", ""Russia"")"
"654","2015.nationals.4.1.3","tossup","Virginia"
"655","2015.nationals.4.1.4","tossup","c(""England"", ""St. John's"", ""Labrador"")"
"656","2015.nationals.4.1.5","tossup","list()"
"657","2015.nationals.4.1.6","tossup","c(""Lusiads"", ""Aeneas"")"
"658","2015.nationals.4.1.7","tossup","Uganda"
"659","2015.nationals.4.1.8","tossup","list()"
"660","2015.nationals.4.2.1","tossup + bonus","list()"
"661","2015.nationals.4.2.2","tossup + bonus","America"
"662","2015.nationals.4.2.3","tossup + bonus","France"
"663","2015.nationals.4.2.4","tossup + bonus","c(""Moscow"", ""Russia"")"
"664","2015.nationals.4.2.5","tossup + bonus","c(""Italy"", ""Trebia"")"
"665","2015.nationals.4.2.6","tossup + bonus","Greenwich Village"
"666","2015.nationals.4.2.7","tossup + bonus","list()"
"667","2015.nationals.4.2.8","tossup + bonus","list()"
"668","2015.nationals.4.3.lightning.1.1","lightning","c(""Washington"", ""DC"", ""the United States"")"
"669","2015.nationals.4.3.lightning.1.2","lightning","America"
"670","2015.nationals.4.3.lightning.1.3","lightning","list()"
"671","2015.nationals.4.3.lightning.1.4","lightning","list()"
"672","2015.nationals.4.3.lightning.1.5","lightning","list()"
"673","2015.nationals.4.3.lightning.1.6","lightning","list()"
"674","2015.nationals.4.3.lightning.1.7","lightning","list()"
"675","2015.nationals.4.3.lightning.1.8","lightning","the United States"
"676","2015.nationals.4.3.lightning.2.1","lightning","list()"
"677","2015.nationals.4.3.lightning.2.2","lightning","list()"
"678","2015.nationals.4.3.lightning.2.3","lightning","list()"
"679","2015.nationals.4.3.lightning.2.4","lightning","list()"
"680","2015.nationals.4.3.lightning.2.5","lightning","Britain"
"681","2015.nationals.4.3.lightning.2.6","lightning","Pressburg"
"682","2015.nationals.4.3.lightning.2.7","lightning","list()"
"683","2015.nationals.4.3.lightning.2.8","lightning","Italy"
"684","2015.nationals.4.3.lightning.3.1","lightning","list()"
"685","2015.nationals.4.3.lightning.3.2","lightning","list()"
"686","2015.nationals.4.3.lightning.3.3","lightning","list()"
"687","2015.nationals.4.3.lightning.3.4","lightning","list()"
"688","2015.nationals.4.3.lightning.3.5","lightning","list()"
"689","2015.nationals.4.3.lightning.3.6","lightning","list()"
"690","2015.nationals.4.3.lightning.3.7","lightning","list()"
"691","2015.nationals.4.3.lightning.3.8","lightning","Hiroshima"
"692","2015.nationals.4.4.1","tossup","Malta"
"693","2015.nationals.4.4.2","tossup","c(""U.S."", ""the Republic of Texas"")"
"694","2015.nationals.4.4.3","tossup","c(""Nutopia"", ""Beatle"", ""Imagine"")"
"695","2015.nationals.4.4.4","tossup","Hodegetria"
"696","2015.nationals.4.4.5","tossup","c(""Brothers"", ""North Korea"")"
"697","2015.nationals.4.4.6","tossup","Spain"
"698","2015.nationals.4.4.7","tossup","Takezaki Suenaga"
"699","2015.nationals.4.4.8","tossup","list()"
"700","2015.nationals.4.extra.1","tossup","list()"
"701","2015.nationals.5.1.1","tossup","c(""Hughenden Manor"", ""Coningsby"", ""India"")"
"702","2015.nationals.5.1.2","tossup","Subang"
"703","2015.nationals.5.1.3","tossup","list()"
"704","2015.nationals.5.1.4","tossup","Camulodunum"
"705","2015.nationals.5.1.5","tossup","list()"
"706","2015.nationals.5.1.6","tossup","list()"
"707","2015.nationals.5.1.7","tossup","list()"
"708","2015.nationals.5.1.8","tossup","list()"
"709","2015.nationals.5.2.1","tossup + bonus","Lake Chagan"
"710","2015.nationals.5.2.2","tossup + bonus","c(""Sweden"", ""King Hrothgar"")"
"711","2015.nationals.5.2.3","tossup + bonus","America"
"712","2015.nationals.5.2.4","tossup + bonus","list()"
"713","2015.nationals.5.2.5","tossup + bonus","list()"
"714","2015.nationals.5.2.6","tossup + bonus","list()"
"715","2015.nationals.5.2.7","tossup + bonus","list()"
"716","2015.nationals.5.2.8","tossup + bonus","list()"
"717","2015.nationals.5.3.lightning.1.1","lightning","list()"
"718","2015.nationals.5.3.lightning.1.2","lightning","list()"
"719","2015.nationals.5.3.lightning.1.3","lightning","list()"
"720","2015.nationals.5.3.lightning.1.4","lightning","list()"
"721","2015.nationals.5.3.lightning.1.5","lightning","list()"
"722","2015.nationals.5.3.lightning.1.6","lightning","list()"
"723","2015.nationals.5.3.lightning.1.7","lightning","Boston"
"724","2015.nationals.5.3.lightning.1.8","lightning","list()"
"725","2015.nationals.5.3.lightning.2.1","lightning","Tenochtitlan"
"726","2015.nationals.5.3.lightning.2.2","lightning","list()"
"727","2015.nationals.5.3.lightning.2.3","lightning","list()"
"728","2015.nationals.5.3.lightning.2.4","lightning","list()"
"729","2015.nationals.5.3.lightning.2.5","lightning","list()"
"730","2015.nationals.5.3.lightning.2.6","lightning","Tenochtitlan"
"731","2015.nationals.5.3.lightning.2.7","lightning","list()"
"732","2015.nationals.5.3.lightning.2.8","lightning","list()"
"733","2015.nationals.5.3.lightning.3.1","lightning","list()"
"734","2015.nationals.5.3.lightning.3.2","lightning","list()"
"735","2015.nationals.5.3.lightning.3.3","lightning","list()"
"736","2015.nationals.5.3.lightning.3.4","lightning","list()"
"737","2015.nationals.5.3.lightning.3.5","lightning","Weisswurst"
"738","2015.nationals.5.3.lightning.3.6","lightning","list()"
"739","2015.nationals.5.3.lightning.3.7","lightning","lima"
"740","2015.nationals.5.3.lightning.3.8","lightning","list()"
"741","2015.nationals.5.4.1","tossup","c(""Baltimore"", ""Maryland"")"
"742","2015.nationals.5.4.2","tossup","New Zealand"
"743","2015.nationals.5.4.3","tossup","c(""Germany"", ""Cambridge"")"
"744","2015.nationals.5.4.4","tossup","New Jersey"
"745","2015.nationals.5.4.5","tossup","Ferdinand"
"746","2015.nationals.5.4.6","tossup","India"
"747","2015.nationals.5.4.7","tossup","c(""South Africa"", ""Oslo"", ""Stockholm"")"
"748","2015.nationals.5.4.8","tossup","the United States"
"749","2015.nationals.5.extra.1","tossup","San Antonio"
"750","2021.c.1.1.1","tossup","c(""Urdu"", ""Britain"")"
"751","2021.c.1.1.2","tossup","list()"
"752","2021.c.1.1.3","tossup","list()"
"753","2021.c.1.1.4","tossup","list()"
"754","2021.c.1.1.5","tossup","c(""U.S."", ""Talleyrand"", ""U.S."", ""Louisiana"", ""the United States"")"
"755","2021.c.1.1.6","tossup","c(""Mumtaz"", ""Agra"", ""India"")"
"756","2021.c.1.1.7","tossup","Trebizond"
"757","2021.c.1.1.8","tossup","c(""France"", ""Argentina"")"
"758","2021.c.1.1.9","tossup","list()"
"759","2021.c.1.1.10","tossup","c(""Spain"", ""Baetis"", ""Bibroci"", ""Britannia"", ""Alesia"")"
"760","2021.c.1.2.1","tossup + bonus","c(""Nazi Germany"", ""North Africa"", ""Sicily"", ""Italy"")"
"761","2021.c.1.2.2","tossup + bonus","Delhi"
"762","2021.c.1.2.3","tossup + bonus","Vermont"
"763","2021.c.1.2.4","tossup + bonus","McClellan"
"764","2021.c.1.2.5","tossup + bonus","U.S."
"765","2021.c.1.2.6","tossup + bonus","c(""Spain"", ""Cuba"", ""Veracruz"", ""Tenochtitlan"", ""the Aztec Empire"")"
"766","2021.c.1.2.7","tossup + bonus","U.S."
"767","2021.c.1.2.8","tossup + bonus","Las Vegas"
"768","2021.c.1.3.lightning.1.1","lightning","U.S."
"769","2021.c.1.3.lightning.1.2","lightning","list()"
"770","2021.c.1.3.lightning.1.3","lightning","Laos"
"771","2021.c.1.3.lightning.1.4","lightning","list()"
"772","2021.c.1.3.lightning.1.5","lightning","list()"
"773","2021.c.1.3.lightning.1.6","lightning","U.S."
"774","2021.c.1.3.lightning.1.7","lightning","U.S."
"775","2021.c.1.3.lightning.1.8","lightning","U.S."
"776","2021.c.1.3.lightning.2.1","lightning","Christianize"
"777","2021.c.1.3.lightning.2.2","lightning","list()"
"778","2021.c.1.3.lightning.2.3","lightning","list()"
"779","2021.c.1.3.lightning.2.4","lightning","list()"
"780","2021.c.1.3.lightning.2.5","lightning","list()"
"781","2021.c.1.3.lightning.2.6","lightning","list()"
"782","2021.c.1.3.lightning.2.7","lightning","list()"
"783","2021.c.1.3.lightning.2.8","lightning","list()"
"784","2021.c.1.3.lightning.3.1","lightning","list()"
"785","2021.c.1.3.lightning.3.2","lightning","list()"
"786","2021.c.1.3.lightning.3.3","lightning","list()"
"787","2021.c.1.3.lightning.3.4","lightning","list()"
"788","2021.c.1.3.lightning.3.5","lightning","Mesopotamia"
"789","2021.c.1.3.lightning.3.6","lightning","list()"
"790","2021.c.1.3.lightning.3.7","lightning","c(""Columbus"", ""Italy"")"
"791","2021.c.1.3.lightning.3.8","lightning","list()"
"792","2021.c.1.4.1","tossup","c(""Missouri"", ""California"")"
"793","2021.c.1.4.2","tossup","c(""Atlanta"", ""Georgia"")"
"794","2021.c.1.4.3","tossup","c(""Island"", ""Georgia"", ""U.S."", ""New Jersey"")"
"795","2021.c.1.4.4","tossup","Russia"
"796","2021.c.1.4.5","tossup","c(""Mombasa"", ""Nairobi"")"
"797","2021.c.1.4.6","tossup","list()"
"798","2021.c.1.4.7","tossup","list()"
"799","2021.c.1.4.8","tossup","c(""U.S."", ""Louisiana"", ""U.S."", ""New Orleans"")"
"800","2021.c.1.extra.1","tossup + bonus","list()"
"801","2021.c.2.1.1","tossup","c(""Ravenna"", ""San Marino"", ""Vatican City"", ""the Roman Empire"")"
"802","2021.c.2.1.2","tossup","c(""Lisbon"", ""Germany"")"
"803","2021.c.2.1.3","tossup","list()"
"804","2021.c.2.1.4","tossup","U.S."
"805","2021.c.2.1.5","tossup","c(""Prussia"", ""Crimea"", ""Yekaterina"")"
"806","2021.c.2.1.6","tossup","c(""Iguala"", ""Spain"", ""the United States"")"
"807","2021.c.2.1.7","tossup","c(""France"", ""America"")"
"808","2021.c.2.1.8","tossup","China"
"809","2021.c.2.1.9","tossup","list()"
"810","2021.c.2.1.10","tossup","c(""Zabur"", ""Korah"")"
"811","2021.c.2.2.1","tossup + bonus","Washington D.C."
"812","2021.c.2.2.2","tossup + bonus","c(""Tudor"", ""England"")"
"813","2021.c.2.2.3","tossup + bonus","c(""Himilco"", ""Titan"", ""Boston"", ""New York"")"
"814","2021.c.2.2.4","tossup + bonus","c(""India"", ""Harappan"", ""Bronze"")"
"815","2021.c.2.2.5","tossup + bonus","Sicily"
"816","2021.c.2.2.6","tossup + bonus","c(""Fort Stanwix"", ""West Point"")"
"817","2021.c.2.2.7","tossup + bonus","list()"
"818","2021.c.2.2.8","tossup + bonus","c(""England"", ""U.S."")"
"819","2021.c.2.3.lightning.1.1","lightning","Illinois city"
"820","2021.c.2.3.lightning.1.2","lightning","U.S."
"821","2021.c.2.3.lightning.1.3","lightning","list()"
"822","2021.c.2.3.lightning.1.4","lightning","list()"
"823","2021.c.2.3.lightning.1.5","lightning","list()"
"824","2021.c.2.3.lightning.1.6","lightning","list()"
"825","2021.c.2.3.lightning.1.7","lightning","list()"
"826","2021.c.2.3.lightning.1.8","lightning","list()"
"827","2021.c.2.3.lightning.2.1","lightning","list()"
"828","2021.c.2.3.lightning.2.2","lightning","Austria"
"829","2021.c.2.3.lightning.2.3","lightning","c(""Spain"", ""Barcelona"")"
"830","2021.c.2.3.lightning.2.4","lightning","list()"
"831","2021.c.2.3.lightning.2.5","lightning","Breitenfeld"
"832","2021.c.2.3.lightning.2.6","lightning","list()"
"833","2021.c.2.3.lightning.2.7","lightning","France"
"834","2021.c.2.3.lightning.2.8","lightning","Magdeburg"
"835","2021.c.2.3.lightning.3.1","lightning","list()"
"836","2021.c.2.3.lightning.3.2","lightning","Iraq"
"837","2021.c.2.3.lightning.3.3","lightning","list()"
"838","2021.c.2.3.lightning.3.4","lightning","Egypt"
"839","2021.c.2.3.lightning.3.5","lightning","list()"
"840","2021.c.2.3.lightning.3.6","lightning","list()"
"841","2021.c.2.3.lightning.3.7","lightning","list()"
"842","2021.c.2.3.lightning.3.8","lightning","list()"
"843","2021.c.2.4.1","tossup","c(""Berkeley"", ""California"", ""the United States"")"
"844","2021.c.2.4.2","tossup","list()"
"845","2021.c.2.4.3","tossup","c(""U.S."", ""Florida"", ""the United States"")"
"846","2021.c.2.4.4","tossup","c(""England"", ""Silesia"", ""Prussia"")"
"847","2021.c.2.4.5","tossup","c(""Argentina"", ""Uruguay"")"
"848","2021.c.2.4.6","tossup","list()"
"849","2021.c.2.4.7","tossup","list()"
"850","2021.c.2.4.8","tossup","c(""North and South Islands"", ""Auckland"", ""Oceania"")"
"851","2021.c.2.extra.1","tossup + bonus","c(""Ignalina"", ""Lithuania"", ""Pripyat"", ""Ukraine"")"
"852","2021.c.3.1.1","tossup","c(""U.S."", ""New York City"")"
"853","2021.c.3.1.2","tossup","Acacus"
"854","2021.c.3.1.3","tossup","c(""Denmark"", ""England"", ""Powhatan"")"
"855","2021.c.3.1.4","tossup","list()"
"856","2021.c.3.1.5","tossup","c(""Finland"", ""Nazi Germany's"")"
"857","2021.c.3.1.6","tossup","c(""South Georgia"", ""UK"", ""Argentina"")"
"858","2021.c.3.1.7","tossup","c(""U.S."", ""England"")"
"859","2021.c.3.1.8","tossup","New York"
"860","2021.c.3.1.9","tossup","list()"
"861","2021.c.3.1.10","tossup","c(""Brazil"", ""Spain"", ""Germany"")"
"862","2021.c.3.2.1","tossup + bonus","c(""Dorchester Heights"", ""Washington"")"
"863","2021.c.3.2.2","tossup + bonus","c(""Spain"", ""U.S."", ""Havana Harbor"")"
"864","2021.c.3.2.3","tossup + bonus","UK"
"865","2021.c.3.2.4","tossup + bonus","list()"
"866","2021.c.3.2.5","tossup + bonus","c(""Greece"", ""Chaeronea"")"
"867","2021.c.3.2.6","tossup + bonus","Washington"
"868","2021.c.3.2.7","tossup + bonus","c(""Helios"", ""Tartarus"")"
"869","2021.c.3.2.8","tossup + bonus","c(""Shugendo"", ""Osaka"", ""Nagasaki"")"
"870","2021.c.3.3.lightning.1.1","lightning","list()"
"871","2021.c.3.3.lightning.1.2","lightning","Trail"
"872","2021.c.3.3.lightning.1.3","lightning","Utah"
"873","2021.c.3.3.lightning.1.4","lightning","list()"
"874","2021.c.3.3.lightning.1.5","lightning","c(""California"", ""New Mexico"", ""Arizona"")"
"875","2021.c.3.3.lightning.1.6","lightning","U.S."
"876","2021.c.3.3.lightning.1.7","lightning","list()"
"877","2021.c.3.3.lightning.1.8","lightning","U.S."
"878","2021.c.3.3.lightning.2.1","lightning","c(""the Soviet Union"", ""Bolsheviks"")"
"879","2021.c.3.3.lightning.2.2","lightning","Yekaterinburg"
"880","2021.c.3.3.lightning.2.3","lightning","Russia"
"881","2021.c.3.3.lightning.2.4","lightning","c(""St. Petersburg"", ""Bolsheviks"")"
"882","2021.c.3.3.lightning.2.5","lightning","list()"
"883","2021.c.3.3.lightning.2.6","lightning","Bolsheviks"
"884","2021.c.3.3.lightning.2.7","lightning","list()"
"885","2021.c.3.3.lightning.2.8","lightning","U.S."
"886","2021.c.3.3.lightning.3.1","lightning","list()"
"887","2021.c.3.3.lightning.3.2","lightning","list()"
"888","2021.c.3.3.lightning.3.3","lightning","c(""Southampton County"", ""Virginia"")"
"889","2021.c.3.3.lightning.3.4","lightning","c(""Florida"", ""Muskogee"")"
"890","2021.c.3.3.lightning.3.5","lightning","list()"
"891","2021.c.3.3.lightning.3.6","lightning","Jamaica"
"892","2021.c.3.3.lightning.3.7","lightning","Florida"
"893","2021.c.3.3.lightning.3.8","lightning","list()"
"894","2021.c.3.4.1","tossup","Myanmar"
"895","2021.c.3.4.2","tossup","c(""U.S."", ""Missouri"")"
"896","2021.c.3.4.3","tossup","c(""India"", ""Algarve"", ""Porto"", ""Lisbon"")"
"897","2021.c.3.4.4","tossup","list()"
"898","2021.c.3.4.5","tossup","list()"
"899","2021.c.3.4.6","tossup","c(""Romania"", ""Greece"", ""Bulgaria"", ""Austria"", ""Hungary"", ""Bosnia  "", ""Yugoslavia"")"
"900","2021.c.3.4.7","tossup","c(""Ptolemy"", ""Zoroaster"")"
"901","2021.c.3.4.8","tossup","Tatyana"
"902","2021.c.3.extra.1","tossup + bonus","c(""England"", ""UK"")"
"903","2021.c.4.1.1","tossup","list()"
"904","2021.c.4.1.2","tossup","c(""San Juan"", ""the United States"", ""U.S."")"
"905","2021.c.4.1.3","tossup","c(""Hesse"", ""Germania"", ""Odin"")"
"906","2021.c.4.1.4","tossup","list()"
"907","2021.c.4.1.5","tossup","the United States"
"908","2021.c.4.1.6","tossup","c(""Nizhny Novgorod"", ""Dearborn"")"
"909","2021.c.4.1.7","tossup","list()"
"910","2021.c.4.1.8","tossup","Teotihuacan"
"911","2021.c.4.1.9","tossup","list()"
"912","2021.c.4.1.10","tossup","c(""Estonia"", ""Ireland"", ""U.S."", ""New York"", ""Oneida"")"
"913","2021.c.4.2.1","tossup + bonus","list()"
"914","2021.c.4.2.2","tossup + bonus","c(""Tsushima  Strait"", ""Portsmouth"")"
"915","2021.c.4.2.3","tossup + bonus","list()"
"916","2021.c.4.2.4","tossup + bonus","list()"
"917","2021.c.4.2.5","tossup + bonus","list()"
"918","2021.c.4.2.6","tossup + bonus","list()"
"919","2021.c.4.2.7","tossup + bonus","Mendoza province"
"920","2021.c.4.2.8","tossup + bonus","c(""Rome"", ""Byzantium"")"
"921","2021.c.4.3.lightning.1.1","lightning","the Republic of Texas"
"922","2021.c.4.3.lightning.1.2","lightning","Texas"
"923","2021.c.4.3.lightning.1.3","lightning","the Texan Republic"
"924","2021.c.4.3.lightning.1.4","lightning","San Antonio"
"925","2021.c.4.3.lightning.1.5","lightning","c(""U.S."", ""Texas"")"
"926","2021.c.4.3.lightning.1.6","lightning","the Republic of Texas"
"927","2021.c.4.3.lightning.1.7","lightning","Texas"
"928","2021.c.4.3.lightning.1.8","lightning","list()"
"929","2021.c.4.3.lightning.2.1","lightning","c(""Kingdom"", ""Cleopatra"")"
"930","2021.c.4.3.lightning.2.2","lightning","list()"
"931","2021.c.4.3.lightning.2.3","lightning","Rome"
"932","2021.c.4.3.lightning.2.4","lightning","list()"
"933","2021.c.4.3.lightning.2.5","lightning","Rome"
"934","2021.c.4.3.lightning.2.6","lightning","list()"
"935","2021.c.4.3.lightning.2.7","lightning","list()"
"936","2021.c.4.3.lightning.2.8","lightning","list()"
"937","2021.c.4.3.lightning.3.1","lightning","list()"
"938","2021.c.4.3.lightning.3.2","lightning","c(""Columbus"", ""New Mexico"", ""U.S."")"
"939","2021.c.4.3.lightning.3.3","lightning","U.S."
"940","2021.c.4.3.lightning.3.4","lightning","list()"
"941","2021.c.4.3.lightning.3.5","lightning","Chiapas"
"942","2021.c.4.3.lightning.3.6","lightning","list()"
"943","2021.c.4.3.lightning.3.7","lightning","list()"
"944","2021.c.4.3.lightning.3.8","lightning","list()"
"945","2021.c.4.4.1","tossup","c(""Canada"", ""Great Britain"", ""the United States"")"
"946","2021.c.4.4.2","tossup","Gaul"
"947","2021.c.4.4.3","tossup","Skeleton"
"948","2021.c.4.4.4","tossup","the United States"
"949","2021.c.4.4.5","tossup","c(""U.S."", ""Canada"")"
"950","2021.c.4.4.6","tossup","list()"
"951","2021.c.4.4.7","tossup","c(""Athens"", ""Sparta"")"
"952","2021.c.4.4.8","tossup","c(""U.S."", ""Philippines"", ""Missouri"", ""Mississippi"")"
"953","2021.c.4.extra.1","tossup + bonus","c(""U.S."", ""the United States's"", ""Grover Cleveland"")"
"954","2021.c.5.1.1","tossup","Nepal"
"955","2021.c.5.1.2","tossup","list()"
"956","2021.c.5.1.3","tossup","c(""Japan"", ""U.S."", ""Hawaii"")"
"957","2021.c.5.1.4","tossup","c(""Tilbury"", ""Cádiz"", ""Spain"", ""England"")"
"958","2021.c.5.1.5","tossup","U.S."
"959","2021.c.5.1.6","tossup","Mexico"
"960","2021.c.5.1.7","tossup","the German Empire"
"961","2021.c.5.1.8","tossup","Montagnana"
"962","2021.c.5.1.9","tossup","Britannia"
"963","2021.c.5.1.10","tossup","Bingerville"
"964","2021.c.5.2.1","tossup + bonus","c(""California"", ""California"")"
"965","2021.c.5.2.2","tossup + bonus","St. Louis"
"966","2021.c.5.2.3","tossup + bonus","list()"
"967","2021.c.5.2.4","tossup + bonus","Italy"
"968","2021.c.5.2.5","tossup + bonus","c(""Ganga"", ""Parvati"")"
"969","2021.c.5.2.6","tossup + bonus","c(""Soviet Republic"", ""Germany"", ""Czechoslovakia"", ""Bavaria"")"
"970","2021.c.5.2.7","tossup + bonus","list()"
"971","2021.c.5.2.8","tossup + bonus","c(""Fort Stanwix"", ""West Point"")"
"972","2021.c.5.3.lightning.1.1","lightning","list()"
"973","2021.c.5.3.lightning.1.2","lightning","list()"
"974","2021.c.5.3.lightning.1.3","lightning","c(""Propaganda"", ""U.S."")"
"975","2021.c.5.3.lightning.1.4","lightning","list()"
"976","2021.c.5.3.lightning.1.5","lightning","list()"
"977","2021.c.5.3.lightning.1.6","lightning","Washington"
"978","2021.c.5.3.lightning.1.7","lightning","list()"
"979","2021.c.5.3.lightning.1.8","lightning","list()"
"980","2021.c.5.3.lightning.2.1","lightning","list()"
"981","2021.c.5.3.lightning.2.2","lightning","list()"
"982","2021.c.5.3.lightning.2.3","lightning","list()"
"983","2021.c.5.3.lightning.2.4","lightning","list()"
"984","2021.c.5.3.lightning.2.5","lightning","list()"
"985","2021.c.5.3.lightning.2.6","lightning","list()"
"986","2021.c.5.3.lightning.2.7","lightning","list()"
"987","2021.c.5.3.lightning.2.8","lightning","list()"
"988","2021.c.5.3.lightning.3.1","lightning","Nomadic"
"989","2021.c.5.3.lightning.3.2","lightning","list()"
"990","2021.c.5.3.lightning.3.3","lightning","list()"
"991","2021.c.5.3.lightning.3.4","lightning","list()"
"992","2021.c.5.3.lightning.3.5","lightning","list()"
"993","2021.c.5.3.lightning.3.6","lightning","Jingdezhen"
"994","2021.c.5.3.lightning.3.7","lightning","Yingzhong"
"995","2021.c.5.3.lightning.3.8","lightning","list()"
"996","2021.c.5.4.1","tossup","Sparta"
"997","2021.c.5.4.2","tossup","c(""Cuama"", ""Namibia"", ""German Empire"", ""Mutapa  Empire"", ""Zambia"", ""Zimbabwe"")"
"998","2021.c.5.4.3","tossup","c(""Wavre"", ""Wellington"")"
"999","2021.c.5.4.4","tossup","Paris"
"1000","2021.c.5.4.5","tossup","c(""U.S."", ""Kuwait"", ""Iraq"")"
"1001","2021.c.5.4.6","tossup","list()"
"1002","2021.c.5.4.7","tossup","Oregon"
"1003","2021.c.5.4.8","tossup","Haiti"
"1004","2021.c.5.extra.1","tossup + bonus","c(""U.S."", ""USSR"", ""Barry  Goldwater"")"
"1005","2021.a.1.1.1","tossup","list()"
"1006","2021.a.1.1.2","tossup","the United States"
"1007","2021.a.1.1.3","tossup","Iraq"
"1008","2021.a.1.1.4","tossup","list()"
"1009","2021.a.1.1.5","tossup","list()"
"1010","2021.a.1.1.6","tossup","list()"
"1011","2021.a.1.1.7","tossup","c(""Laos"", ""Thailand"", ""Myanmar"", ""Canton"")"
"1012","2021.a.1.1.8","tossup","list()"
"1013","2021.a.1.1.9","tossup","Las Vegas"
"1014","2021.a.1.1.10","tossup","list()"
"1015","2021.a.1.2.1","tossup + bonus","c(""the Juliana Republic"", ""Brazil"", ""Nice"", ""France"", ""the First Italian Republic"")"
"1016","2021.a.1.2.2","tossup + bonus","Oklahoma"
"1017","2021.a.1.2.3","tossup + bonus","list()"
"1018","2021.a.1.2.4","tossup + bonus","c(""the United States"", ""the United States"")"
"1019","2021.a.1.2.5","tossup + bonus","London"
"1020","2021.a.1.2.6","tossup + bonus","list()"
"1021","2021.a.1.2.7","tossup + bonus","c(""Rome"", ""Sicily"")"
"1022","2021.a.1.2.8","tossup + bonus","list()"
"1023","2021.a.1.3.lightning.1.1","lightning","c(""Oregon"", ""Maine"")"
"1024","2021.a.1.3.lightning.1.2","lightning","Massachusetts"
"1025","2021.a.1.3.lightning.1.3","lightning","list()"
"1026","2021.a.1.3.lightning.1.4","lightning","c(""Washington"", ""Oregon"")"
"1027","2021.a.1.3.lightning.1.5","lightning","c(""Hawaii"", ""Oregon"")"
"1028","2021.a.1.3.lightning.1.6","lightning","Oregon"
"1029","2021.a.1.3.lightning.1.7","lightning","list()"
"1030","2021.a.1.3.lightning.1.8","lightning","Oregon"
"1031","2021.a.1.3.lightning.2.1","lightning","the Soviet Union"
"1032","2021.a.1.3.lightning.2.2","lightning","list()"
"1033","2021.a.1.3.lightning.2.3","lightning","the United States"
"1034","2021.a.1.3.lightning.2.4","lightning","Crimea"
"1035","2021.a.1.3.lightning.2.5","lightning","list()"
"1036","2021.a.1.3.lightning.2.6","lightning","c(""USSR"", ""China"")"
"1037","2021.a.1.3.lightning.2.7","lightning","Germany"
"1038","2021.a.1.3.lightning.2.8","lightning","list()"
"1039","2021.a.1.3.lightning.3.1","lightning","list()"
"1040","2021.a.1.3.lightning.3.2","lightning","list()"
"1041","2021.a.1.3.lightning.3.3","lightning","list()"
"1042","2021.a.1.3.lightning.3.4","lightning","list()"
"1043","2021.a.1.3.lightning.3.5","lightning","list()"
"1044","2021.a.1.3.lightning.3.6","lightning","list()"
"1045","2021.a.1.3.lightning.3.7","lightning","list()"
"1046","2021.a.1.3.lightning.3.8","lightning","list()"
"1047","2021.a.1.4.1","tossup","Amahl"
"1048","2021.a.1.4.2","tossup","c(""the Kingdom of  Morocco"", ""France"")"
"1049","2021.a.1.4.3","tossup","U.S."
"1050","2021.a.1.4.4","tossup","c(""Saigon"", ""Vietnam"")"
"1051","2021.a.1.4.5","tossup","c(""Alabama"", ""Alabama"")"
"1052","2021.a.1.4.6","tossup","Burma"
"1053","2021.a.1.4.7","tossup","U.S."
"1054","2021.a.1.4.8","tossup","c(""Wendover"", ""Canterbury"", ""England"")"
"1055","2021.a.1.extra.1","tossup + bonus","c(""Panipat"", ""Babur"")"
"1056","2021.a.2.1.1","tossup","c(""Tupaia"", ""Endeavour"", ""New Zealand"", ""Hawaii"")"
"1057","2021.a.2.1.2","tossup","c(""U.S."", ""Louisiana"", ""New York"")"
"1058","2021.a.2.1.3","tossup","c(""Sinope"", ""Russia"")"
"1059","2021.a.2.1.4","tossup","list()"
"1060","2021.a.2.1.5","tossup","list()"
"1061","2021.a.2.1.6","tossup","Sphyrelaton"
"1062","2021.a.2.1.7","tossup","list()"
"1063","2021.a.2.1.8","tossup","c(""U.S."", ""Cambodia"")"
"1064","2021.a.2.1.9","tossup","Brazil"
"1065","2021.a.2.1.10","tossup","England"
"1066","2021.a.2.2.1","tossup + bonus","U.S."
"1067","2021.a.2.2.2","tossup + bonus","list()"
"1068","2021.a.2.2.3","tossup + bonus","c(""Callinicus"", ""Heliopolis"", ""Egypt"")"
"1069","2021.a.2.2.4","tossup + bonus","c(""Ohio"", ""Tennessee"")"
"1070","2021.a.2.2.5","tossup + bonus","c(""Blue Rock"", ""U.S."", ""Virginia"", ""the District of Columbia"")"
"1071","2021.a.2.2.6","tossup + bonus","Bernissart"
"1072","2021.a.2.2.7","tossup + bonus","list()"
"1073","2021.a.2.2.8","tossup + bonus","Germany"
"1074","2021.a.2.3.lightning.1.1","lightning","list()"
"1075","2021.a.2.3.lightning.1.2","lightning","list()"
"1076","2021.a.2.3.lightning.1.3","lightning","list()"
"1077","2021.a.2.3.lightning.1.4","lightning","Greenwich Village"
"1078","2021.a.2.3.lightning.1.5","lightning","list()"
"1079","2021.a.2.3.lightning.1.6","lightning","list()"
"1080","2021.a.2.3.lightning.1.7","lightning","list()"
"1081","2021.a.2.3.lightning.1.8","lightning","list()"
"1082","2021.a.2.3.lightning.2.1","lightning","list()"
"1083","2021.a.2.3.lightning.2.2","lightning","list()"
"1084","2021.a.2.3.lightning.2.3","lightning","list()"
"1085","2021.a.2.3.lightning.2.4","lightning","list()"
"1086","2021.a.2.3.lightning.2.5","lightning","list()"
"1087","2021.a.2.3.lightning.2.6","lightning","list()"
"1088","2021.a.2.3.lightning.2.7","lightning","list()"
"1089","2021.a.2.3.lightning.2.8","lightning","Wellington"
"1090","2021.a.2.3.lightning.3.1","lightning","Japan"
"1091","2021.a.2.3.lightning.3.2","lightning","Japan"
"1092","2021.a.2.3.lightning.3.3","lightning","Japan"
"1093","2021.a.2.3.lightning.3.4","lightning","list()"
"1094","2021.a.2.3.lightning.3.5","lightning","c(""Beijing"", ""China"")"
"1095","2021.a.2.3.lightning.3.6","lightning","list()"
"1096","2021.a.2.3.lightning.3.7","lightning","list()"
"1097","2021.a.2.3.lightning.3.8","lightning","c(""China"", ""Indochina"")"
"1098","2021.a.2.4.1","tossup","c(""Tungning Kingdom"", ""the Republic of China"")"
"1099","2021.a.2.4.2","tossup","list()"
"1100","2021.a.2.4.3","tossup","list()"
"1101","2021.a.2.4.4","tossup","Scotland"
"1102","2021.a.2.4.5","tossup","c(""the Gaza Strip"", ""West Bank"", ""Israel"")"
"1103","2021.a.2.4.6","tossup","c(""Virginia"", ""U.S."")"
"1104","2021.a.2.4.7","tossup","c(""U.S."", ""Wyoming"", ""Idaho"", ""Montana"")"
"1105","2021.a.2.4.8","tossup","c(""Germanic"", ""Reykjavík"")"
"1106","2021.a.2.extra.1","tossup + bonus","c(""Moscow"", ""Lithuania"", ""Latvia"")"
"1107","2021.a.3.1.1","tossup","list()"
"1108","2021.a.3.1.2","tossup","New Jersey"
"1109","2021.a.3.1.3","tossup","North Korea"
"1110","2021.a.3.1.4","tossup","Austria-Hungary"
"1111","2021.a.3.1.5","tossup","Grammys"
"1112","2021.a.3.1.6","tossup","Mindanao"
"1113","2021.a.3.1.7","tossup","list()"
"1114","2021.a.3.1.8","tossup","list()"
"1115","2021.a.3.1.9","tossup","c(""Sweden"", ""New York"")"
"1116","2021.a.3.1.10","tossup","list()"
"1117","2021.a.3.2.1","tossup + bonus","c(""U.S."", ""Mexico"")"
"1118","2021.a.3.2.2","tossup + bonus","U.S."
"1119","2021.a.3.2.3","tossup + bonus","Russia"
"1120","2021.a.3.2.4","tossup + bonus","Vietnam"
"1121","2021.a.3.2.5","tossup + bonus","California"
"1122","2021.a.3.2.6","tossup + bonus","c(""Rome"", ""Valentia"", ""Corduba"", ""Toledo"")"
"1123","2021.a.3.2.7","tossup + bonus","list()"
"1124","2021.a.3.2.8","tossup + bonus","list()"
"1125","2021.a.3.3.lightning.1.1","lightning","list()"
"1126","2021.a.3.3.lightning.1.2","lightning","list()"
"1127","2021.a.3.3.lightning.1.3","lightning","list()"
"1128","2021.a.3.3.lightning.1.4","lightning","New York"
"1129","2021.a.3.3.lightning.1.5","lightning","list()"
"1130","2021.a.3.3.lightning.1.6","lightning","list()"
"1131","2021.a.3.3.lightning.1.7","lightning","list()"
"1132","2021.a.3.3.lightning.1.8","lightning","list()"
"1133","2021.a.3.3.lightning.2.1","lightning","Hegemonic"
"1134","2021.a.3.3.lightning.2.2","lightning","list()"
"1135","2021.a.3.3.lightning.2.3","lightning","c(""Pupienus"", ""Balbinus"")"
"1136","2021.a.3.3.lightning.2.4","lightning","Rome"
"1137","2021.a.3.3.lightning.2.5","lightning","list()"
"1138","2021.a.3.3.lightning.2.6","lightning","list()"
"1139","2021.a.3.3.lightning.2.7","lightning","Rome"
"1140","2021.a.3.3.lightning.2.8","lightning","list()"
"1141","2021.a.3.3.lightning.3.1","lightning","list()"
"1142","2021.a.3.3.lightning.3.2","lightning","list()"
"1143","2021.a.3.3.lightning.3.3","lightning","list()"
"1144","2021.a.3.3.lightning.3.4","lightning","list()"
"1145","2021.a.3.3.lightning.3.5","lightning","list()"
"1146","2021.a.3.3.lightning.3.6","lightning","list()"
"1147","2021.a.3.3.lightning.3.7","lightning","list()"
"1148","2021.a.3.3.lightning.3.8","lightning","Xi'an"
"1149","2021.a.3.4.1","tossup","list()"
"1150","2021.a.3.4.2","tossup","Morgante"
"1151","2021.a.3.4.3","tossup","c(""Pliny"", ""Italy"")"
"1152","2021.a.3.4.4","tossup","Katharina"
"1153","2021.a.3.4.5","tossup","c(""Iceland"", ""Sweden"", ""Sicily"", ""U.S."", ""Tripoli"")"
"1154","2021.a.3.4.6","tossup","Irula"
"1155","2021.a.3.4.7","tossup","c(""Alton"", ""Illinois"")"
"1156","2021.a.3.4.8","tossup","Geneva"
"1157","2021.a.3.extra.1","tossup + bonus","list()"
"1158","2021.a.4.1.1","tossup","c(""Richmond"", ""Bacon"", ""Williamsburg"")"
"1159","2021.a.4.1.2","tossup","c(""Netherlands"", ""Armada"")"
"1160","2021.a.4.1.3","tossup","Harijan"
"1161","2021.a.4.1.4","tossup","c(""Chalus"", ""France"")"
"1162","2021.a.4.1.5","tossup","c(""Peru"", ""Lima"")"
"1163","2021.a.4.1.6","tossup","list()"
"1164","2021.a.4.1.7","tossup","list()"
"1165","2021.a.4.1.8","tossup","list()"
"1166","2021.a.4.1.9","tossup","list()"
"1167","2021.a.4.1.10","tossup","list()"
"1168","2021.a.4.2.1","tossup + bonus","list()"
"1169","2021.a.4.2.2","tossup + bonus","list()"
"1170","2021.a.4.2.3","tossup + bonus","c(""India"", ""Babur"")"
"1171","2021.a.4.2.4","tossup + bonus","c(""Utah"", ""Jeopardy"")"
"1172","2021.a.4.2.5","tossup + bonus","Cebu"
"1173","2021.a.4.2.6","tossup + bonus","c(""the United Arab Emirates"", ""Karbala"", ""Baghdad"")"
"1174","2021.a.4.2.7","tossup + bonus","New Orleans"
"1175","2021.a.4.2.8","tossup + bonus","c(""Poisons"", ""Pythia"")"
"1176","2021.a.4.3.lightning.1.1","lightning","U.S."
"1177","2021.a.4.3.lightning.1.2","lightning","list()"
"1178","2021.a.4.3.lightning.1.3","lightning","list()"
"1179","2021.a.4.3.lightning.1.4","lightning","list()"
"1180","2021.a.4.3.lightning.1.5","lightning","Tennessee"
"1181","2021.a.4.3.lightning.1.6","lightning","list()"
"1182","2021.a.4.3.lightning.1.7","lightning","San Antonio"
"1183","2021.a.4.3.lightning.1.8","lightning","c(""Tennessee"", ""Angelina"")"
"1184","2021.a.4.3.lightning.2.1","lightning","list()"
"1185","2021.a.4.3.lightning.2.2","lightning","Norway"
"1186","2021.a.4.3.lightning.2.3","lightning","Greenland"
"1187","2021.a.4.3.lightning.2.4","lightning","c(""Norway"", ""Sweden"", ""Denmark"")"
"1188","2021.a.4.3.lightning.2.5","lightning","list()"
"1189","2021.a.4.3.lightning.2.6","lightning","Norway"
"1190","2021.a.4.3.lightning.2.7","lightning","Norway"
"1191","2021.a.4.3.lightning.2.8","lightning","c(""Denmark"", ""Norway"", ""Norway"")"
"1192","2021.a.4.3.lightning.3.1","lightning","Salisbury"
"1193","2021.a.4.3.lightning.3.2","lightning","Zimbabwe"
"1194","2021.a.4.3.lightning.3.3","lightning","list()"
"1195","2021.a.4.3.lightning.3.4","lightning","Zimbabwe"
"1196","2021.a.4.3.lightning.3.5","lightning","Zimbabwe"
"1197","2021.a.4.3.lightning.3.6","lightning","Zimbabwe"
"1198","2021.a.4.3.lightning.3.7","lightning","Zimbabwe"
"1199","2021.a.4.3.lightning.3.8","lightning","Zimbabwe"
"1200","2021.a.4.4.1","tossup","Minsk"
"1201","2021.a.4.4.2","tossup","list()"
"1202","2021.a.4.4.3","tossup","Phoenix"
"1203","2021.a.4.4.4","tossup","list()"
"1204","2021.a.4.4.5","tossup","list()"
"1205","2021.a.4.4.6","tossup","c(""Edinburgh"", ""Midlothian"")"
"1206","2021.a.4.4.7","tossup","united Germany"
"1207","2021.a.4.4.8","tossup","c(""U.S."", ""Chicago"")"
"1208","2021.a.4.extra.1","tossup + bonus","c(""Japan"", ""Pyongyang"")"
"1209","2021.a.5.1.1","tossup","c(""Quebec"", ""Massachusetts"")"
"1210","2021.a.5.1.2","tossup","c(""Bavaria"", ""Norway"")"
"1211","2021.a.5.1.3","tossup","c(""Aleutian"", ""Alaska"", ""Russia"")"
"1212","2021.a.5.1.4","tossup","San Lorenzo"
"1213","2021.a.5.1.5","tossup","c(""Nuwa"", ""Pangu"", ""Phoenix"")"
"1214","2021.a.5.1.6","tossup","Ohio"
"1215","2021.a.5.1.7","tossup","c(""Kandalanu"", ""Sennacherib"")"
"1216","2021.a.5.1.8","tossup","c(""the Soviet Union"", ""New Jersey"", ""Grover"")"
"1217","2021.a.5.1.9","tossup","c(""England"", ""Prussia"")"
"1218","2021.a.5.1.10","tossup","the Northwest Territories"
"1219","2021.a.5.2.1","tossup + bonus","c(""Oklahoma"", ""U.S."")"
"1220","2021.a.5.2.2","tossup + bonus","c(""Canada"", ""Australia"", ""New Zealand"", ""Britain"", ""Britain"")"
"1221","2021.a.5.2.3","tossup + bonus","America"
"1222","2021.a.5.2.4","tossup + bonus","Palo Alto"
"1223","2021.a.5.2.5","tossup + bonus","London"
"1224","2021.a.5.2.6","tossup + bonus","c(""Norway"", ""Massachusetts"", ""Augusta"")"
"1225","2021.a.5.2.7","tossup + bonus","list()"
"1226","2021.a.5.2.8","tossup + bonus","c(""Numidia"", ""Egypt"")"
"1227","2021.a.5.3.lightning.1.1","lightning","list()"
"1228","2021.a.5.3.lightning.1.2","lightning","list()"
"1229","2021.a.5.3.lightning.1.3","lightning","list()"
"1230","2021.a.5.3.lightning.1.4","lightning","list()"
"1231","2021.a.5.3.lightning.1.5","lightning","U.S."
"1232","2021.a.5.3.lightning.1.6","lightning","list()"
"1233","2021.a.5.3.lightning.1.7","lightning","list()"
"1234","2021.a.5.3.lightning.1.8","lightning","list()"
"1235","2021.a.5.3.lightning.2.1","lightning","West Africa"
"1236","2021.a.5.3.lightning.2.2","lightning","list()"
"1237","2021.a.5.3.lightning.2.3","lightning","list()"
"1238","2021.a.5.3.lightning.2.4","lightning","Portugal"
"1239","2021.a.5.3.lightning.2.5","lightning","list()"
"1240","2021.a.5.3.lightning.2.6","lightning","India"
"1241","2021.a.5.3.lightning.2.7","lightning","Malacca"
"1242","2021.a.5.3.lightning.2.8","lightning","Angola"
"1243","2021.a.5.3.lightning.3.1","lightning","list()"
"1244","2021.a.5.3.lightning.3.2","lightning","Munich"
"1245","2021.a.5.3.lightning.3.3","lightning","list()"
"1246","2021.a.5.3.lightning.3.4","lightning","list()"
"1247","2021.a.5.3.lightning.3.5","lightning","list()"
"1248","2021.a.5.3.lightning.3.6","lightning","B.C."
"1249","2021.a.5.3.lightning.3.7","lightning","list()"
"1250","2021.a.5.3.lightning.3.8","lightning","list()"
"1251","2021.a.5.4.1","tossup","c(""Xinjiang"", ""the People’s Republic of China"")"
"1252","2021.a.5.4.2","tossup","c(""New York"", ""Mexico"")"
"1253","2021.a.5.4.3","tossup","c(""New York"", ""New Jersey"", ""Colonies"")"
"1254","2021.a.5.4.4","tossup","c(""Spain"", ""Aragon"")"
"1255","2021.a.5.4.5","tossup","c(""Buffalo"", ""LA"")"
"1256","2021.a.5.4.6","tossup","the United States"
"1257","2021.a.5.4.7","tossup","list()"
"1258","2021.a.5.4.8","tossup","c(""Gcwihaba"", ""Angola"", ""German Empire"")"
"1259","2021.a.5.extra.1","tossup + bonus","c(""Nazi Germany"", ""Italy"")"
"1260","2022.nationals.1.1.1","tossup","Massachusetts"
"1261","2022.nationals.1.1.2","tossup","list()"
"1262","2022.nationals.1.1.3","tossup","list()"
"1263","2022.nationals.1.1.4","tossup","list()"
"1264","2022.nationals.1.1.5","tossup","list()"
"1265","2022.nationals.1.1.6","tossup","the Belgian Congo"
"1266","2022.nationals.1.1.7","tossup","c(""Naples"", ""Anatolia"")"
"1267","2022.nationals.1.1.8","tossup","c(""Roxelana"", ""Malta"", ""Vienna"", ""the Ottoman Empire"")"
"1268","2022.nationals.1.1.9","tossup","the United Kingdom"
"1269","2022.nationals.1.1.10","tossup","list()"
"1270","2022.nationals.1.2.1","tossup + bonus","c(""Panama"", ""Venezuela"")"
"1271","2022.nationals.1.2.2","tossup + bonus","c(""Russia"", ""Russia"")"
"1272","2022.nationals.1.2.3","tossup + bonus","list()"
"1273","2022.nationals.1.2.4","tossup + bonus","c(""Cape Bojador"", ""the west coast of"")"
"1274","2022.nationals.1.2.5","tossup + bonus","c(""U.S."", ""Hamhung"", ""Rungrado"")"
"1275","2022.nationals.1.2.6","tossup + bonus","list()"
"1276","2022.nationals.1.2.7","tossup + bonus","list()"
"1277","2022.nationals.1.2.8","tossup + bonus","c(""San Juan Hill"", ""Puerto Rico"")"
"1278","2022.nationals.1.3.lightning.1.1","lightning","list()"
"1279","2022.nationals.1.3.lightning.1.2","lightning","list()"
"1280","2022.nationals.1.3.lightning.1.3","lightning","list()"
"1281","2022.nationals.1.3.lightning.1.4","lightning","Palo Alto"
"1282","2022.nationals.1.3.lightning.1.5","lightning","c(""Durham"", ""North Carolina"")"
"1283","2022.nationals.1.3.lightning.1.6","lightning","list()"
"1284","2022.nationals.1.3.lightning.1.7","lightning","list()"
"1285","2022.nationals.1.3.lightning.1.8","lightning","list()"
"1286","2022.nationals.1.3.lightning.2.1","lightning","list()"
"1287","2022.nationals.1.3.lightning.2.2","lightning","Budapest"
"1288","2022.nationals.1.3.lightning.2.3","lightning","list()"
"1289","2022.nationals.1.3.lightning.2.4","lightning","list()"
"1290","2022.nationals.1.3.lightning.2.5","lightning","list()"
"1291","2022.nationals.1.3.lightning.2.6","lightning","Albania"
"1292","2022.nationals.1.3.lightning.2.7","lightning","Bulgaria"
"1293","2022.nationals.1.3.lightning.2.8","lightning","list()"
"1294","2022.nationals.1.3.lightning.3.1","lightning","the Roman Empire"
"1295","2022.nationals.1.3.lightning.3.2","lightning","c(""Hokkaido"", ""Honshu"")"
"1296","2022.nationals.1.3.lightning.3.3","lightning","list()"
"1297","2022.nationals.1.3.lightning.3.4","lightning","Levant"
"1298","2022.nationals.1.3.lightning.3.5","lightning","list()"
"1299","2022.nationals.1.3.lightning.3.6","lightning","England"
"1300","2022.nationals.1.3.lightning.3.7","lightning","list()"
"1301","2022.nationals.1.3.lightning.3.8","lightning","list()"
"1302","2022.nationals.1.4.1","tossup","list()"
"1303","2022.nationals.1.4.2","tossup","c(""Liverpool"", ""Australia"", ""New Zealand"", ""Sydney"")"
"1304","2022.nationals.1.4.3","tossup","list()"
"1305","2022.nationals.1.4.4","tossup","c(""Bithynia"", ""Livy"", ""North Africa"", ""Zama"")"
"1306","2022.nationals.1.4.5","tossup","c(""Nebraska"", ""U.S."")"
"1307","2022.nationals.1.4.6","tossup","c(""Bombay"", ""India"", ""Pakistan"")"
"1308","2022.nationals.1.4.7","tossup","list()"
"1309","2022.nationals.1.4.8","tossup","North Africa"
"1310","2022.nationals.1.extra.1","tossup + bonus","c(""Cairo"", ""Zimbabwe"", ""Zambia"")"
"1311","2022.nationals.2.1.1","tossup","c(""Michigan"", ""U.S."")"
"1312","2022.nationals.2.1.2","tossup","c(""Queensland"", ""Australia"")"
"1313","2022.nationals.2.1.3","tossup","Battalia"
"1314","2022.nationals.2.1.4","tossup","list()"
"1315","2022.nationals.2.1.5","tossup","c(""France"", ""absentia"", ""Colonies"", ""Great Britain"")"
"1316","2022.nationals.2.1.6","tossup","Austria"
"1317","2022.nationals.2.1.7","tossup","list()"
"1318","2022.nationals.2.1.8","tossup","Edessa"
"1319","2022.nationals.2.1.9","tossup","Pakistan"
"1320","2022.nationals.2.1.10","tossup","Stasi"
"1321","2022.nationals.2.2.1","tossup + bonus","c(""California"", ""Chicago"")"
"1322","2022.nationals.2.2.2","tossup + bonus","c(""Cartimandua"", ""Brigantes"", ""Caratacus"", ""Boudica"")"
"1323","2022.nationals.2.2.3","tossup + bonus","list()"
"1324","2022.nationals.2.2.4","tossup + bonus","list()"
"1325","2022.nationals.2.2.5","tossup + bonus","c(""Berlin"", ""the Democratic Republic of the"", ""Congo"", ""Ethiopia"", ""China"")"
"1326","2022.nationals.2.2.6","tossup + bonus","list()"
"1327","2022.nationals.2.2.7","tossup + bonus","the United States"
"1328","2022.nationals.2.2.8","tossup + bonus","c(""Taizhou"", ""Haozhou"")"
"1329","2022.nationals.2.3.lightning.1.1","lightning","list()"
"1330","2022.nationals.2.3.lightning.1.2","lightning","list()"
"1331","2022.nationals.2.3.lightning.1.3","lightning","list()"
"1332","2022.nationals.2.3.lightning.1.4","lightning","list()"
"1333","2022.nationals.2.3.lightning.1.5","lightning","list()"
"1334","2022.nationals.2.3.lightning.1.6","lightning","list()"
"1335","2022.nationals.2.3.lightning.1.7","lightning","list()"
"1336","2022.nationals.2.3.lightning.1.8","lightning","list()"
"1337","2022.nationals.2.3.lightning.2.1","lightning","list()"
"1338","2022.nationals.2.3.lightning.2.2","lightning","list()"
"1339","2022.nationals.2.3.lightning.2.3","lightning","list()"
"1340","2022.nationals.2.3.lightning.2.4","lightning","list()"
"1341","2022.nationals.2.3.lightning.2.5","lightning","list()"
"1342","2022.nationals.2.3.lightning.2.6","lightning","list()"
"1343","2022.nationals.2.3.lightning.2.7","lightning","list()"
"1344","2022.nationals.2.3.lightning.2.8","lightning","list()"
"1345","2022.nationals.2.3.lightning.3.1","lightning","Tenochtitlan"
"1346","2022.nationals.2.3.lightning.3.2","lightning","list()"
"1347","2022.nationals.2.3.lightning.3.3","lightning","list()"
"1348","2022.nationals.2.3.lightning.3.4","lightning","list()"
"1349","2022.nationals.2.3.lightning.3.5","lightning","Tenochtitlan"
"1350","2022.nationals.2.3.lightning.3.6","lightning","list()"
"1351","2022.nationals.2.3.lightning.3.7","lightning","list()"
"1352","2022.nationals.2.3.lightning.3.8","lightning","list()"
"1353","2022.nationals.2.4.1","tossup","Sweden"
"1354","2022.nationals.2.4.2","tossup","c(""U.S."", ""U.S."")"
"1355","2022.nationals.2.4.3","tossup","list()"
"1356","2022.nationals.2.4.4","tossup","c(""Marian"", ""Frankfurt"", ""Stirling"")"
"1357","2022.nationals.2.4.5","tossup","Germany"
"1358","2022.nationals.2.4.6","tossup","list()"
"1359","2022.nationals.2.4.7","tossup","c(""Greece"", ""Corfu"")"
"1360","2022.nationals.2.4.8","tossup","c(""London"", ""Cologne"")"
"1361","2022.nationals.2.extra.1","tossup + bonus","Mesopotamia"
"1362","2022.nationals.3.1.1","tossup","c(""New York City"", ""Bedloe"", ""Island"", ""New York Harbor"")"
"1363","2022.nationals.3.1.2","tossup","c(""Louis"", ""Fort Caroline"", ""St. Bartholomew's"")"
"1364","2022.nationals.3.1.3","tossup","c(""Loimologia"", ""Salisbury"", ""London"", ""England"", ""Yersinia"")"
"1365","2022.nationals.3.1.4","tossup","Quispiguanca"
"1366","2022.nationals.3.1.5","tossup","c(""Pennsylvania"", ""Arthurdale"", ""West Virginia"")"
"1367","2022.nationals.3.1.6","tossup","Kaaba"
"1368","2022.nationals.3.1.7","tossup","c(""Armenia"", ""Chaeronea"", ""Samos"")"
"1369","2022.nationals.3.1.8","tossup","c(""Mystique"", ""U.S."", ""the United States"")"
"1370","2022.nationals.3.1.9","tossup","Hartford"
"1371","2022.nationals.3.1.10","tossup","c(""the Soviet Union"", ""Billie"")"
"1372","2022.nationals.3.2.1","tossup + bonus","c(""Baltimore"", ""Washington"", ""D.C."")"
"1373","2022.nationals.3.2.2","tossup + bonus","Second Republic"
"1374","2022.nationals.3.2.3","tossup + bonus","c(""India"", ""England"")"
"1375","2022.nationals.3.2.4","tossup + bonus","Britain"
"1376","2022.nationals.3.2.5","tossup + bonus","England"
"1377","2022.nationals.3.2.6","tossup + bonus","list()"
"1378","2022.nationals.3.2.7","tossup + bonus","c(""Magnesia"", ""Xerxes"")"
"1379","2022.nationals.3.2.8","tossup + bonus","c(""Lombardy"", ""Somerset"")"
"1380","2022.nationals.3.3.lightning.1.1","lightning","list()"
"1381","2022.nationals.3.3.lightning.1.2","lightning","list()"
"1382","2022.nationals.3.3.lightning.1.3","lightning","U.S."
"1383","2022.nationals.3.3.lightning.1.4","lightning","list()"
"1384","2022.nationals.3.3.lightning.1.5","lightning","list()"
"1385","2022.nationals.3.3.lightning.1.6","lightning","list()"
"1386","2022.nationals.3.3.lightning.1.7","lightning","NRA"
"1387","2022.nationals.3.3.lightning.1.8","lightning","list()"
"1388","2022.nationals.3.3.lightning.2.1","lightning","list()"
"1389","2022.nationals.3.3.lightning.2.2","lightning","list()"
"1390","2022.nationals.3.3.lightning.2.3","lightning","list()"
"1391","2022.nationals.3.3.lightning.2.4","lightning","list()"
"1392","2022.nationals.3.3.lightning.2.5","lightning","list()"
"1393","2022.nationals.3.3.lightning.2.6","lightning","list()"
"1394","2022.nationals.3.3.lightning.2.7","lightning","list()"
"1395","2022.nationals.3.3.lightning.2.8","lightning","Jamaica"
"1396","2022.nationals.3.3.lightning.3.1","lightning","list()"
"1397","2022.nationals.3.3.lightning.3.2","lightning","Turkey"
"1398","2022.nationals.3.3.lightning.3.3","lightning","Turkey"
"1399","2022.nationals.3.3.lightning.3.4","lightning","list()"
"1400","2022.nationals.3.3.lightning.3.5","lightning","list()"
"1401","2022.nationals.3.3.lightning.3.6","lightning","list()"
"1402","2022.nationals.3.3.lightning.3.7","lightning","list()"
"1403","2022.nationals.3.3.lightning.3.8","lightning","c(""Dardanelles"", ""UK"")"
"1404","2022.nationals.3.4.1","tossup","list()"
"1405","2022.nationals.3.4.2","tossup","c(""Oglala"", ""the United States's"")"
"1406","2022.nationals.3.4.3","tossup","list()"
"1407","2022.nationals.3.4.4","tossup","list()"
"1408","2022.nationals.3.4.5","tossup","c(""Strood"", ""Canterbury"")"
"1409","2022.nationals.3.4.6","tossup","c(""Strood"", ""Canterbury"")"
"1410","2022.nationals.3.4.7","tossup","Chicago"
"1411","2022.nationals.3.4.8","tossup","list()"
"1412","2022.nationals.3.extra.1","tossup + bonus","list()"
"1413","2022.nationals.4.1.1","tossup","c(""Nanjing"", ""Chicago"")"
"1414","2022.nationals.4.1.2","tossup","list()"
"1415","2022.nationals.4.1.3","tossup","Greece"
"1416","2022.nationals.4.1.4","tossup","c(""Germany"", ""the United States"", ""the German Empire"", ""U.S."")"
"1417","2022.nationals.4.1.5","tossup","c(""Adventureland"", ""California"", ""Florida"")"
"1418","2022.nationals.4.1.6","tossup","Bahamas"
"1419","2022.nationals.4.1.7","tossup","United States"
"1420","2022.nationals.4.1.8","tossup","Jerusalem"
"1421","2022.nationals.4.1.9","tossup","list()"
"1422","2022.nationals.4.1.10","tossup","list()"
"1423","2022.nationals.4.2.1","tossup + bonus","list()"
"1424","2022.nationals.4.2.2","tossup + bonus","c(""Magyar"", ""Krasnoyarsk"", ""Yekaterinburg"", ""Moscow"", ""Vladivodstok"")"
"1425","2022.nationals.4.2.3","tossup + bonus","Colesberg Kopje"
"1426","2022.nationals.4.2.4","tossup + bonus","Boston"
"1427","2022.nationals.4.2.5","tossup + bonus","c(""Wellington"", ""England"")"
"1428","2022.nationals.4.2.6","tossup + bonus","c(""Germany"", ""Spain"", ""Great Britain"", ""Spain"")"
"1429","2022.nationals.4.2.7","tossup + bonus","c(""Lucknow"", ""Burma"", ""India"")"
"1430","2022.nationals.4.2.8","tossup + bonus","c(""France"", ""Prague"")"
"1431","2022.nationals.4.3.lightning.1.1","lightning","list()"
"1432","2022.nationals.4.3.lightning.1.2","lightning","c(""Pennsylvania"", ""Valley Forge"")"
"1433","2022.nationals.4.3.lightning.1.3","lightning","list()"
"1434","2022.nationals.4.3.lightning.1.4","lightning","list()"
"1435","2022.nationals.4.3.lightning.1.5","lightning","list()"
"1436","2022.nationals.4.3.lightning.1.6","lightning","list()"
"1437","2022.nationals.4.3.lightning.1.7","lightning","Pennsylvania"
"1438","2022.nationals.4.3.lightning.1.8","lightning","Connecticut"
"1439","2022.nationals.4.3.lightning.2.1","lightning","the Third Republic"
"1440","2022.nationals.4.3.lightning.2.2","lightning","the Third Republic"
"1441","2022.nationals.4.3.lightning.2.3","lightning","list()"
"1442","2022.nationals.4.3.lightning.2.4","lightning","Paris"
"1443","2022.nationals.4.3.lightning.2.5","lightning","list()"
"1444","2022.nationals.4.3.lightning.2.6","lightning","c(""France"", ""UK"")"
"1445","2022.nationals.4.3.lightning.2.7","lightning","list()"
"1446","2022.nationals.4.3.lightning.2.8","lightning","list()"
"1447","2022.nationals.4.3.lightning.3.1","lightning","China"
"1448","2022.nationals.4.3.lightning.3.2","lightning","list()"
"1449","2022.nationals.4.3.lightning.3.3","lightning","China"
"1450","2022.nationals.4.3.lightning.3.4","lightning","list()"
"1451","2022.nationals.4.3.lightning.3.5","lightning","list()"
"1452","2022.nationals.4.3.lightning.3.6","lightning","list()"
"1453","2022.nationals.4.3.lightning.3.7","lightning","list()"
"1454","2022.nationals.4.3.lightning.3.8","lightning","list()"
"1455","2022.nationals.4.4.1","tossup","c(""New York"", ""U.S."", ""UK"")"
"1456","2022.nationals.4.4.2","tossup","Messina"
"1457","2022.nationals.4.4.3","tossup","c(""U.S."", ""Maryland"", ""Laila"")"
"1458","2022.nationals.4.4.4","tossup","list()"
"1459","2022.nationals.4.4.5","tossup","c(""Burakumin"", ""Yubitsume"", ""Japan"")"
"1460","2022.nationals.4.4.6","tossup","c(""Cabarrus County"", ""Siskiyou"", ""Trail"")"
"1461","2022.nationals.4.4.7","tossup","c(""Norway"", ""Scotland"", ""Great Britain"", ""Ireland"")"
"1462","2022.nationals.4.4.8","tossup","Moralia"
"1463","2022.nationals.4.extra.1","tossup + bonus","c(""Suppiluliuma"", ""Akhenaten"")"
"1464","2022.nationals.5.1.1","tossup","c(""Ohio"", ""Santa Anna"")"
"1465","2022.nationals.5.1.2","tossup","c(""New York"", ""Griswold"", ""Connecticut"")"
"1466","2022.nationals.5.1.3","tossup","c(""Essex"", ""Greece"", ""Turkey"")"
"1467","2022.nationals.5.1.4","tossup","c(""Sumitro"", ""Sukarno"", ""Jakarta"", ""Indonesia"")"
"1468","2022.nationals.5.1.5","tossup","Czechoslovakia"
"1469","2022.nationals.5.1.6","tossup","list()"
"1470","2022.nationals.5.1.7","tossup","list()"
"1471","2022.nationals.5.1.8","tossup","list()"
"1472","2022.nationals.5.1.9","tossup","list()"
"1473","2022.nationals.5.1.10","tossup","list()"
"1474","2022.nationals.5.2.1","tossup + bonus","U.S."
"1475","2022.nationals.5.2.2","tossup + bonus","Brandys"
"1476","2022.nationals.5.2.3","tossup + bonus","Zimbabwe"
"1477","2022.nationals.5.2.4","tossup + bonus","list()"
"1478","2022.nationals.5.2.5","tossup + bonus","c(""Aeneid"", ""Aeneas"")"
"1479","2022.nationals.5.2.6","tossup + bonus","list()"
"1480","2022.nationals.5.2.7","tossup + bonus","c(""Ethiopia"", ""Israel"")"
"1481","2022.nationals.5.2.8","tossup + bonus","c(""Menuthias"", ""Oman"", ""East Africa"", ""Tanzania"")"
"1482","2022.nationals.5.3.lightning.1.1","lightning","the Soviet Union"
"1483","2022.nationals.5.3.lightning.1.2","lightning","c(""Wisconsin"", ""U.S."")"
"1484","2022.nationals.5.3.lightning.1.3","lightning","list()"
"1485","2022.nationals.5.3.lightning.1.4","lightning","list()"
"1486","2022.nationals.5.3.lightning.1.5","lightning","U.S."
"1487","2022.nationals.5.3.lightning.1.6","lightning","list()"
"1488","2022.nationals.5.3.lightning.1.7","lightning","U.S."
"1489","2022.nationals.5.3.lightning.1.8","lightning","c(""Yates"", ""U.S"")"
"1490","2022.nationals.5.3.lightning.2.1","lightning","list()"
"1491","2022.nationals.5.3.lightning.2.2","lightning","Rome"
"1492","2022.nationals.5.3.lightning.2.3","lightning","list()"
"1493","2022.nationals.5.3.lightning.2.4","lightning","list()"
"1494","2022.nationals.5.3.lightning.2.5","lightning","list()"
"1495","2022.nationals.5.3.lightning.2.6","lightning","Rome"
"1496","2022.nationals.5.3.lightning.2.7","lightning","list()"
"1497","2022.nationals.5.3.lightning.2.8","lightning","list()"
"1498","2022.nationals.5.3.lightning.3.1","lightning","list()"
"1499","2022.nationals.5.3.lightning.3.2","lightning","Alamut"
"1500","2022.nationals.5.3.lightning.3.3","lightning","list()"
"1501","2022.nationals.5.3.lightning.3.4","lightning","list()"
"1502","2022.nationals.5.3.lightning.3.5","lightning","Jerusalem"
"1503","2022.nationals.5.3.lightning.3.6","lightning","list()"
"1504","2022.nationals.5.3.lightning.3.7","lightning","list()"
"1505","2022.nationals.5.3.lightning.3.8","lightning","Jerusalem"
"1506","2022.nationals.5.4.1","tossup","list()"
"1507","2022.nationals.5.4.2","tossup","list()"
"1508","2022.nationals.5.4.3","tossup","c(""Malaga"", ""Spain"")"
"1509","2022.nationals.5.4.4","tossup","c(""U.S."", ""China"", ""the Boxer Rebellion"")"
"1510","2022.nationals.5.4.5","tossup","c(""Terra Australis"", ""Yaghan"", ""Chile"", ""Argentina"")"
"1511","2022.nationals.5.4.6","tossup","c(""Newfoundland"", ""Poland"")"
"1512","2022.nationals.5.4.7","tossup","U.S."
"1513","2022.nationals.5.4.8","tossup","France"
"1514","2022.nationals.5.extra.1","tossup + bonus","c(""Harlan County"", ""U.S."")"
